image,candidate_num,rating,index
normal_0004_EDD,1,4,1
normal_0005_EDD,1,4,2
normal_0006_EDD,1,4,3
normal_0006_EDD,2,4,4
normal_0008_EDD,1,4,5
normal_0008_EDD,2,4,6
normal_0009_EDD,1,4,7
normal_0009_EDD,2,4,8
normal_0009_EDD,3,3,9
normal_0010_EDD,1,1,10
normal_0010_EDD,2,4,11
normal_0010_EDD,3,3,12
normal_0011_EDD,1,4,13
normal_0013_EDD,1,4,14
normal_0013_EDD,2,4,15
normal_0013_EDD,3,4,16
normal_0017_EDD,1,4,17
normal_0018_EDD,1,4,18
normal_0022_EDD,1,4,19
normal_0022_EDD,2,4,20
normal_0023_EDD,1,4,21
normal_0023_EDD,2,1,22
normal_0025_EDD,1,4,23
normal_0025_EDD,2,4,24
normal_0025_EDD,3,1,25
normal_0026_EDD,1,1,26
normal_0026_EDD,2,4,27
normal_0026_EDD,3,4,28
normal_0027_EDD,1,4,29
normal_0027_EDD,2,4,30
normal_0028_EDD,1,4,31
normal_0028_EDD,2,4,32
normal_0028_EDD,3,4,33
normal_0028_EDD,4,2,34
normal_0028_EDD,5,4,35
normal_0028_EDD,6,2,36
normal_0028_EDD,7,4,37
normal_0029_EDD,1,4,38
normal_0029_EDD,2,4,39
normal_0030_EDD,1,3,40
normal_0032_EDD,1,4,41
normal_0032_EDD,2,4,42
normal_0032_EDD,3,4,43
normal_0032_EDD,4,4,44
normal_0032_EDD,5,4,45
normal_0033_EDD,1,4,46
normal_0033_EDD,2,4,47
normal_0033_EDD,3,1,48
normal_0033_EDD,4,4,49
normal_0033_EDD,5,4,50
normal_0033_EDD,6,4,51
normal_0035_EDD,1,4,52
normal_0035_EDD,2,4,53
normal_0036_EDD,1,4,54
normal_0036_EDD,2,4,55
normal_0036_EDD,3,4,56
normal_0036_EDD,4,4,57
normal_0038_EDD,1,4,58
normal_0039_EDD,1,4,59
normal_0039_EDD,2,4,60
normal_0043_EDD,1,4,61
normal_0044_EDD,1,4,62
normal_0044_EDD,2,3,63
normal_0045_EDD,1,1,64
normal_0046_EDD,1,4,65
normal_0048_EDD,1,4,66
normal_0049_EDD,1,4,67
normal_0049_EDD,2,4,68
normal_0051_EDD,1,4,69
normal_0051_EDD,2,4,70
normal_0051_EDD,3,4,71
normal_0051_EDD,4,4,72
normal_0051_EDD,5,4,73
normal_0053_EDD,1,4,74
normal_0054_EDD,1,4,75
normal_0054_EDD,2,4,76
normal_0054_EDD,3,4,77
normal_0054_EDD,4,4,78
normal_0054_EDD,5,1,79
normal_0054_EDD,6,4,80
normal_0054_EDD,7,4,81
normal_0055_EDD,1,4,82
normal_0055_EDD,2,2,83
normal_0056_EDD,1,4,84
normal_0056_EDD,2,3,85
normal_0059_EDD,1,4,86
normal_0059_EDD,2,2,87
normal_0060_EDD,1,4,88
normal_0060_EDD,2,2,89
normal_0060_EDD,3,2,90
normal_0061_EDD,1,4,91
normal_0062_EDD,1,4,92
normal_0062_EDD,2,1,93
normal_0062_EDD,3,4,94
normal_0062_EDD,4,4,95
normal_0063_EDD,1,4,96
normal_0064_EDD,1,4,97
normal_0065_EDD,1,4,98
normal_0066_EDD,1,4,99
normal_0067_EDD,1,4,100
normal_0067_EDD,2,4,101
normal_0068_EDD,1,4,102
normal_0068_EDD,2,2,103
normal_0070_EDD,1,4,104
normal_0070_EDD,2,4,105
normal_0070_EDD,3,4,106
normal_0070_EDD,4,4,107
normal_0071_EDD,1,4,108
normal_0071_EDD,2,4,109
normal_0073_EDD,1,4,110
normal_0073_EDD,2,4,111
normal_0074_EDD,1,4,112
normal_0074_EDD,2,1,113
normal_0074_EDD,3,4,114
normal_0074_EDD,4,4,115
normal_0074_EDD,5,2,116
normal_0074_EDD,6,2,117
normal_0076_EDD,1,4,118
normal_0079_EDD,1,4,119
normal_0081_EDD,1,4,120
normal_0082_EDD,1,4,121
normal_0085_EDD,1,4,122
normal_0085_EDD,2,4,123
normal_0086_EDD,1,4,124
normal_0087_EDD,1,4,125
normal_0087_EDD,2,4,126
normal_0087_EDD,3,4,127
normal_0088_EDD,1,4,128
normal_0088_EDD,2,4,129
normal_0088_EDD,3,3,130
normal_0089_EDD,1,2,131
normal_0090_EDD,1,4,132
normal_0090_EDD,2,3,133
normal_0091_EDD,1,4,134
normal_0095_EDD,1,4,135
normal_0096_EDD,1,4,136
normal_0097_EDD,1,4,137
normal_0099_EDD,1,4,138
normal_0100_EDD,1,4,139
normal_0101_EDD,1,4,140
normal_0102_EDD,1,4,141
normal_0102_EDD,2,4,142
normal_0102_EDD,3,4,143
normal_0102_EDD,4,4,144
normal_0103_EDD,1,4,145
normal_0105_EDD,1,4,146
normal_0106_EDD,1,4,147
normal_0106_EDD,2,3,148
normal_0107_EDD,1,4,149
normal_0108_EDD,1,4,150
normal_0111_EDD,1,4,151
normal_0114_EDD,1,4,152
normal_0114_EDD,2,1,153
normal_0114_EDD,3,4,154
normal_0115_EDD,1,4,155
normal_0116_EDD,1,4,156
normal_0117_EDD,1,4,157
normal_0117_EDD,2,4,158
normal_0120_EDD,1,4,159
normal_0120_EDD,2,4,160
normal_0125_EDD,1,4,161
normal_0127_EDD,1,4,162
normal_0127_EDD,2,4,163
normal_0131_EDD,1,4,164
normal_0131_EDD,2,4,165
normal_0132_EDD,1,4,166
normal_0133_EDD,1,4,167
normal_0133_EDD,2,2,168
normal_0133_EDD,3,4,169
normal_0134_EDD,1,4,170
normal_0134_EDD,2,4,171
normal_0135_EDD,1,4,172
normal_0136_EDD,1,4,173
normal_0137_EDD,1,4,174
normal_0139_EDD,1,4,175
normal_0139_EDD,2,4,176
normal_0139_EDD,4,2,178
normal_0141_EDD,1,4,179
normal_0141_EDD,2,4,180
normal_0141_EDD,3,4,181
normal_0142_EDD,1,4,182
normal_0143_EDD,1,4,183
normal_0143_EDD,2,4,184
normal_0145_EDD,1,4,185
normal_0145_EDD,2,4,186
normal_0145_EDD,3,4,187
normal_0145_EDD,4,4,188
normal_0145_EDD,5,4,189
normal_0145_EDD,6,4,190
normal_0146_EDD,1,4,191
normal_0148_EDD,1,4,192
normal_0149_EDD,1,4,193
normal_0150_EDD,1,4,194
normal_0152_EDD,1,4,195
normal_0156_EDD,1,4,196
normal_0156_EDD,2,4,197
normal_0157_EDD,1,4,198
normal_0157_EDD,2,4,199
normal_0157_EDD,3,4,200
normal_0157_EDD,4,4,201
normal_0157_EDD,5,4,202
normal_0158_EDD,1,4,203
normal_0158_EDD,2,4,204
normal_0159_EDD,1,4,205
normal_0163_EDD,1,4,206
normal_0163_EDD,2,4,207
normal_0163_EDD,3,2,208
normal_0166_EDD,1,4,209
normal_0167_EDD,1,4,210
normal_0168_EDD,1,4,211
normal_0168_EDD,2,4,212
normal_0171_EDD,1,4,213
normal_0173_EDD,1,4,214
normal_0174_EDD,1,4,215
normal_0174_EDD,2,4,216
normal_0174_EDD,3,4,217
normal_0174_EDD,4,4,218
normal_0175_EDD,1,4,219
normal_0175_EDD,2,4,220
normal_0176_EDD,1,4,221
normal_0176_EDD,2,1,222
normal_0177_EDD,1,4,223
normal_0179_EDD,1,4,224
normal_0179_EDD,2,4,225
normal_0179_EDD,3,4,226
normal_0181_EDD,1,4,227
normal_0181_EDD,2,4,228
normal_0181_EDD,3,1,229
normal_0182_EDD,1,4,230
normal_0182_EDD,2,4,231
normal_0183_EDD,1,4,232
normal_0183_EDD,2,4,233
normal_0183_EDD,3,4,234
normal_0184_EDD,1,4,235
normal_0185_EDD,1,4,236
normal_0185_EDD,2,4,237
normal_0185_EDD,3,1,238
normal_0185_EDD,4,4,239
normal_0185_EDD,5,1,240
normal_0185_EDD,6,4,241
normal_0187_EDD,1,4,242
normal_0188_EDD,1,4,243
normal_0189_EDD,1,4,244
normal_0190_EDD,1,4,245
normal_0190_EDD,2,4,246
normal_0191_EDD,1,4,247
normal_0193_EDD,1,1,248
normal_0193_EDD,2,4,249
normal_0194_EDD,1,4,250
normal_0197_EDD,1,4,251
normal_0197_EDD,2,4,252
normal_0202_EDD,1,4,253
normal_0203_EDD,1,4,254
normal_0204_EDD,1,4,255
normal_0204_EDD,2,4,256
normal_0204_EDD,3,3,257
normal_0205_EDD,1,4,258
normal_0206_EDD,1,4,259
normal_0207_EDD,1,4,260
normal_0207_EDD,2,4,261
normal_0207_EDD,3,4,262
normal_0208_EDD,1,4,263
normal_0209_EDD,1,4,264
normal_0209_EDD,2,4,265
normal_0209_EDD,3,4,266
normal_0210_EDD,1,4,267
normal_0210_EDD,2,4,268
normal_0212_EDD,1,3,269
normal_0213_EDD,1,3,270
normal_0215_EDD,1,4,271
normal_0215_EDD,2,1,272
normal_0215_EDD,3,4,273
normal_0215_EDD,4,4,274
normal_0218_EDD,1,4,275
normal_0218_EDD,2,4,276
normal_0219_EDD,1,4,277
normal_0221_EDD,1,4,278
normal_0221_EDD,2,3,279
normal_0223_EDD,1,4,280
normal_0224_EDD,1,4,281
normal_0224_EDD,2,4,282
normal_0224_EDD,3,3,283
normal_0226_EDD,1,4,284
normal_0226_EDD,2,4,285
normal_0226_EDD,3,1,286
normal_0226_EDD,4,2,287
normal_0227_EDD,1,4,288
normal_0230_EDD,1,4,289
normal_0233_EDD,1,4,290
normal_0234_EDD,1,4,291
normal_0234_EDD,2,1,292
normal_0234_EDD,3,4,293
normal_0235_EDD,1,1,294
normal_0235_EDD,2,4,295
normal_0235_EDD,3,4,296
normal_0236_EDD,1,4,297
normal_0241_EDD,1,4,298
normal_0242_EDD,1,4,299
normal_0242_EDD,2,4,300
normal_0242_EDD,3,4,301
normal_0245_EDD,1,4,302
normal_0245_EDD,2,4,303
normal_0246_EDD,1,4,304
normal_0246_EDD,2,4,305
normal_0246_EDD,3,4,306
normal_0247_EDD,1,4,307
normal_0248_EDD,1,4,308
normal_0248_EDD,2,4,309
normal_0248_EDD,3,4,310
normal_0248_EDD,4,4,311
normal_0249_EDD,1,4,312
normal_0249_EDD,2,4,313
normal_0250_EDD,1,1,314
normal_0251_EDD,1,4,315
normal_0251_EDD,2,2,316
normal_0252_EDD,1,4,317
normal_0252_EDD,2,4,318
normal_0255_EDD,1,4,319
normal_0257_EDD,1,4,320
normal_0259_EDD,1,4,321
normal_0259_EDD,2,4,322
normal_0260_EDD,1,1,323
normal_0261_EDD,1,4,324
normal_0261_EDD,2,4,325
normal_0261_EDD,3,4,326
normal_0261_EDD,4,4,327
normal_0264_EDD,1,4,328
normal_0266_EDD,1,4,329
normal_0267_EDD,1,4,330
normal_0267_EDD,2,2,331
normal_0267_EDD,3,2,332
normal_0268_EDD,1,4,333
normal_0269_EDD,1,4,334
normal_0270_EDD,1,4,335
normal_0270_EDD,2,4,336
normal_0271_EDD,1,4,337
normal_0272_EDD,1,4,338
normal_0272_EDD,2,4,339
normal_0272_EDD,3,4,340
normal_0272_EDD,4,4,341
normal_0272_EDD,5,4,342
normal_0274_EDD,1,4,343
normal_0276_EDD,1,4,344
normal_0277_EDD,1,4,345
normal_0279_EDD,1,4,346
normal_0280_EDD,1,4,347
normal_0283_EDD,1,4,348
normal_0284_EDD,1,2,349
normal_0286_EDD,1,4,350
normal_0286_EDD,2,1,351
normal_0290_EDD,1,4,352
normal_0290_EDD,2,4,353
normal_0290_EDD,3,4,354
normal_0290_EDD,4,4,355
normal_0292_EDD,1,4,356
normal_0292_EDD,2,4,357
normal_0293_EDD,1,4,358
normal_0293_EDD,2,4,359
normal_0296_EDD,1,4,360
normal_0297_EDD,1,4,361
normal_0299_EDD,1,4,362
normal_0299_EDD,2,1,363
normal_0299_EDD,3,2,364
normal_0300_EDD,1,4,365
normal_0301_EDD,1,2,366
normal_0302_EDD,1,4,367
normal_0303_EDD,1,4,368
normal_0305_EDD,1,4,369
normal_0305_EDD,2,4,370
normal_0309_EDD,1,2,371
normal_0311_EDD,1,4,372
normal_0315_EDD,1,4,373
normal_0315_EDD,2,3,374
normal_0316_EDD,1,4,375
normal_0319_EDD,1,4,376
normal_0319_EDD,2,4,377
normal_0319_EDD,3,4,378
normal_0320_EDD,1,4,379
normal_0320_EDD,2,4,380
normal_0320_EDD,3,1,381
normal_0321_EDD,1,4,382
normal_0322_EDD,1,4,383
normal_0323_EDD,1,1,384
normal_0324_EDD,1,4,385
normal_0324_EDD,2,1,386
normal_0324_EDD,3,4,387
normal_0325_EDD,1,4,388
normal_0325_EDD,2,4,389
normal_0329_EDD,1,2,390
normal_0330_EDD,1,4,391
normal_0330_EDD,2,4,392
normal_0330_EDD,3,3,393
normal_0332_EDD,1,4,394
normal_0332_EDD,2,3,395
normal_0333_EDD,1,1,396
normal_0334_EDD,1,4,397
normal_0334_EDD,2,4,398
normal_0334_EDD,3,4,399
normal_0334_EDD,4,4,400
normal_0335_EDD,1,1,401
normal_0336_EDD,1,4,402
normal_0337_EDD,1,4,403
normal_0342_EDD,1,4,404
normal_0342_EDD,2,4,405
normal_0344_EDD,1,4,406
normal_0345_EDD,1,4,407
normal_0346_EDD,1,4,408
normal_0349_EDD,1,1,409
normal_0349_EDD,2,4,410
normal_0349_EDD,3,2,411
normal_0350_EDD,1,4,412
normal_0350_EDD,2,4,413
normal_0350_EDD,3,2,414
normal_0351_EDD,1,4,415
normal_0353_EDD,1,4,416
normal_0353_EDD,2,4,417
normal_0353_EDD,3,4,418
normal_0353_EDD,4,4,419
normal_0355_EDD,1,4,420
normal_0356_EDD,1,4,421
normal_0357_EDD,1,4,422
normal_0357_EDD,2,4,423
normal_0358_EDD,1,4,424
normal_0359_EDD,1,1,425
normal_0359_EDD,2,4,426
normal_0359_EDD,3,4,427
normal_0359_EDD,4,4,428
normal_0360_EDD,1,4,429
normal_0360_EDD,2,4,430
normal_0363_EDD,1,4,431
normal_0364_EDD,1,4,432
normal_0366_EDD,1,4,433
normal_0368_EDD,1,4,434
normal_0368_EDD,2,3,435
normal_0370_EDD,1,2,436
normal_0371_EDD,1,4,437
normal_0371_EDD,2,4,438
normal_0371_EDD,3,4,439
normal_0371_EDD,4,4,440
normal_0371_EDD,5,4,441
normal_0371_EDD,6,4,442
normal_0371_EDD,7,4,443
normal_0371_EDD,8,4,444
normal_0371_EDD,9,4,445
normal_0371_EDD,10,4,446
normal_0371_EDD,11,4,447
normal_0371_EDD,12,4,448
normal_0371_EDD,13,4,449
normal_0371_EDD,14,4,450
normal_0371_EDD,15,4,451
normal_0371_EDD,16,4,452
normal_0371_EDD,17,4,453
normal_0371_EDD,18,4,454
normal_0371_EDD,19,4,455
normal_0371_EDD,20,4,456
normal_0372_EDD,1,2,457
normal_0374_EDD,1,4,458
normal_0381_EDD,1,4,459
normal_0383_EDD,1,4,460
normal_0383_EDD,2,1,461
normal_0384_EDD,1,4,462
normal_0384_EDD,2,4,463
normal_0385_EDD,1,4,464
normal_0387_EDD,1,4,465
normal_0387_EDD,2,4,466
normal_0387_EDD,3,4,467
normal_0387_EDD,4,4,468
normal_0387_EDD,5,4,469
normal_0387_EDD,6,4,470
normal_0389_EDD,1,4,471
normal_0389_EDD,2,4,472
normal_0389_EDD,3,4,473
normal_0394_EDD,1,4,474
normal_0397_EDD,1,4,475
normal_0400_EDD,1,4,476
normal_0401_EDD,1,4,477
normal_0402_EDD,1,4,478
normal_0402_EDD,2,4,479
normal_0402_EDD,3,4,480
normal_0403_EDD,1,4,481
normal_0403_EDD,2,1,482
normal_0403_EDD,3,4,483
normal_0403_EDD,4,4,484
normal_0405_EDD,1,4,485
normal_0406_EDD,1,4,486
normal_0406_EDD,2,4,487
normal_0408_EDD,1,4,488
normal_0408_EDD,2,4,489
normal_0410_EDD,1,4,490
normal_0410_EDD,2,4,491
normal_0411_EDD,1,2,492
normal_0412_EDD,1,4,493
normal_0412_EDD,2,3,494
normal_0413_EDD,1,4,495
normal_0414_EDD,1,4,496
normal_0414_EDD,2,2,497
normal_0415_EDD,1,4,498
normal_0416_EDD,1,4,499
normal_0416_EDD,2,2,500
normal_0417_EDD,1,4,501
normal_0417_EDD,2,1,502
normal_0419_EDD,1,4,503
normal_0419_EDD,2,4,504
normal_0422_EDD,1,4,505
normal_0422_EDD,2,4,506
normal_0422_EDD,3,4,507
normal_0423_EDD,1,4,508
normal_0423_EDD,2,4,509
normal_0423_EDD,3,2,510
normal_0424_EDD,1,4,511
normal_0425_EDD,1,4,512
normal_0427_EDD,1,4,513
normal_0427_EDD,2,4,514
normal_0429_EDD,1,4,515
normal_0429_EDD,2,4,516
normal_0429_EDD,3,4,517
normal_0430_EDD,1,4,518
normal_0430_EDD,2,4,519
normal_0431_EDD,1,4,520
normal_0431_EDD,2,4,521
normal_0434_EDD,1,4,522
normal_0434_EDD,2,4,523
normal_0434_EDD,3,4,524
normal_0436_EDD,1,4,525
normal_0438_EDD,1,4,526
normal_0438_EDD,2,4,527
normal_0439_EDD,1,4,528
normal_0441_EDD,1,4,529
normal_0441_EDD,2,4,530
normal_0441_EDD,3,3,531
normal_0441_EDD,4,4,532
normal_0441_EDD,5,4,533
normal_0442_EDD,1,4,534
normal_0442_EDD,2,4,535
normal_0442_EDD,3,4,536
normal_0445_EDD,1,4,537
normal_0447_EDD,1,4,538
normal_0451_EDD,1,4,539
normal_0451_EDD,2,4,540
normal_0452_EDD,1,4,541
normal_0453_EDD,1,4,542
normal_0454_EDD,1,4,543
normal_0454_EDD,2,3,544
normal_0455_EDD,1,1,545
normal_0455_EDD,2,1,546
normal_0456_EDD,1,4,547
normal_0456_EDD,2,4,548
normal_0456_EDD,3,4,549
normal_0457_EDD,1,4,550
normal_0457_EDD,2,4,551
normal_0459_EDD,1,4,552
normal_0459_EDD,2,4,553
normal_0460_EDD,1,1,554
normal_0460_EDD,2,4,555
normal_0460_EDD,3,2,556
normal_0460_EDD,4,4,557
normal_0460_EDD,5,3,558
normal_0461_EDD,1,1,559
normal_0461_EDD,2,4,560
normal_0462_EDD,1,4,561
normal_0463_EDD,1,1,562
normal_0463_EDD,2,4,563
normal_0463_EDD,3,4,564
normal_0464_EDD,1,4,565
normal_0464_EDD,2,4,566
normal_0464_EDD,3,4,567
normal_0464_EDD,4,4,568
normal_0464_EDD,5,4,569
normal_0464_EDD,6,4,570
normal_0464_EDD,7,4,571
normal_0465_EDD,1,1,572
normal_0467_EDD,1,4,573
normal_0467_EDD,2,1,574
normal_0467_EDD,3,4,575
normal_0467_EDD,4,4,576
normal_0467_EDD,5,4,577
normal_0468_EDD,1,4,578
normal_0469_EDD,1,4,579
normal_0471_EDD,1,4,580
normal_0471_EDD,2,4,581
normal_0471_EDD,3,4,582
normal_0472_EDD,1,4,583
normal_0474_EDD,1,4,584
normal_0474_EDD,2,1,585
normal_0478_EDD,1,4,586
normal_0478_EDD,2,2,587
normal_0480_EDD,1,4,588
normal_0480_EDD,2,4,589
normal_0481_EDD,1,4,590
normal_0481_EDD,2,4,591
normal_0481_EDD,3,4,592
normal_0483_EDD,1,4,593
normal_0483_EDD,2,4,594
normal_0483_EDD,3,1,595
normal_0485_EDD,1,4,596
normal_0485_EDD,2,4,597
normal_0486_EDD,1,4,598
normal_0486_EDD,2,2,599
normal_0487_EDD,1,4,600
normal_0488_EDD,1,4,601
normal_0490_EDD,1,4,602
normal_0492_EDD,1,4,603
normal_0493_EDD,1,4,604
normal_0493_EDD,2,4,605
normal_0494_EDD,1,4,606
normal_0494_EDD,2,4,607
normal_0494_EDD,3,4,608
normal_0494_EDD,4,4,609
normal_0496_EDD,1,4,610
normal_0496_EDD,2,1,611
normal_0496_EDD,3,2,612
normal_0497_EDD,1,4,613
normal_0497_EDD,2,4,614
normal_0501_EDD,1,4,615
normal_0502_EDD,1,4,616
normal_0504_EDD,1,4,617
normal_0504_EDD,2,4,618
normal_0504_EDD,3,4,619
normal_0505_EDD,1,4,620
normal_0508_EDD,1,4,621
normal_0511_EDD,1,3,622
normal_0512_EDD,1,2,623
normal_0514_EDD,1,4,624
normal_0514_EDD,2,4,625
normal_0514_EDD,3,4,626
normal_0514_EDD,4,4,627
normal_0514_EDD,5,4,628
normal_0518_EDD,1,4,629
normal_0520_EDD,1,4,630
normal_0520_EDD,2,4,631
normal_0523_EDD,1,4,632
normal_0523_EDD,2,1,633
normal_0523_EDD,3,4,634
normal_0523_EDD,4,4,635
normal_0523_EDD,5,1,636
normal_0523_EDD,6,3,637
normal_0524_EDD,1,4,638
normal_0524_EDD,2,4,639
normal_0525_EDD,1,4,640
normal_0525_EDD,2,4,641
normal_0525_EDD,3,4,642
normal_0526_EDD,1,4,643
normal_0528_EDD,1,4,644
normal_0530_EDD,1,4,645
normal_0530_EDD,2,4,646
normal_0530_EDD,3,4,647
normal_0530_EDD,4,4,648
normal_0531_EDD,1,4,649
normal_0531_EDD,2,4,650
normal_0533_EDD,1,4,651
normal_0533_EDD,2,4,652
normal_0535_EDD,1,4,653
normal_0537_EDD,1,4,654
normal_0539_EDD,1,2,655
normal_0540_EDD,1,4,656
normal_0540_EDD,2,4,657
normal_0542_EDD,1,4,658
normal_0543_EDD,1,4,659
normal_0543_EDD,2,4,660
normal_0544_EDD,1,4,661
normal_0544_EDD,2,4,662
normal_0544_EDD,3,3,663
normal_0545_EDD,1,4,664
normal_0549_EDD,1,4,665
normal_0549_EDD,2,4,666
normal_0549_EDD,3,4,667
normal_0550_EDD,1,4,668
normal_0552_EDD,1,4,669
normal_0552_EDD,2,1,670
normal_0552_EDD,3,4,671
normal_0552_EDD,4,4,672
normal_0552_EDD,5,1,673
normal_0553_EDD,1,4,674
normal_0554_EDD,1,4,675
normal_0555_EDD,1,4,676
normal_0556_EDD,1,1,677
normal_0556_EDD,2,4,678
normal_0556_EDD,3,4,679
normal_0557_EDD,1,4,680
normal_0558_EDD,1,4,681
normal_0561_EDD,1,4,682
normal_0562_EDD,1,4,683
normal_0563_EDD,1,4,684
normal_0563_EDD,2,3,685
normal_0564_EDD,1,1,686
normal_0565_EDD,1,4,687
normal_0565_EDD,2,3,688
normal_0569_EDD,1,4,689
normal_0569_EDD,2,4,690
normal_0569_EDD,3,1,691
normal_0569_EDD,4,4,692
normal_0569_EDD,5,2,693
normal_0570_EDD,1,4,694
normal_0573_EDD,1,4,695
normal_0573_EDD,2,4,696
normal_0573_EDD,3,4,697
normal_0574_EDD,1,4,698
normal_0574_EDD,2,4,699
normal_0576_EDD,1,4,700
normal_0577_EDD,1,4,701
normal_0577_EDD,2,4,702
normal_0577_EDD,3,4,703
normal_0579_EDD,1,4,704
normal_0581_EDD,1,4,705
normal_0581_EDD,2,1,706
normal_0581_EDD,3,4,707
normal_0581_EDD,4,4,708
normal_0582_EDD,1,1,709
normal_0582_EDD,2,2,710
normal_0585_EDD,1,4,711
normal_0586_EDD,1,4,712
normal_0586_EDD,2,1,713
normal_0586_EDD,3,4,714
normal_0587_EDD,1,4,715
normal_0587_EDD,2,4,716
normal_0587_EDD,3,1,717
normal_0587_EDD,4,4,718
normal_0587_EDD,5,4,719
normal_0588_EDD,1,4,720
normal_0588_EDD,2,4,721
normal_0589_EDD,1,4,722
normal_0589_EDD,2,4,723
normal_0597_EDD,1,4,724
normal_0600_EDD,1,4,725
normal_0600_EDD,2,4,726
normal_0601_EDD,1,3,727
normal_0602_EDD,1,4,728
normal_0603_EDD,1,4,729
normal_0603_EDD,2,3,730
normal_0604_EDD,1,4,731
normal_0604_EDD,2,4,732
normal_0604_EDD,3,4,733
normal_0604_EDD,4,4,734
normal_0604_EDD,5,4,735
normal_0604_EDD,6,4,736
normal_0604_EDD,7,4,737
normal_0605_EDD,1,4,738
normal_0606_EDD,1,4,739
normal_0606_EDD,2,4,740
normal_0607_EDD,1,4,741
normal_0607_EDD,2,4,742
normal_0608_EDD,1,4,743
normal_0609_EDD,1,4,744
normal_0609_EDD,2,4,745
normal_0609_EDD,3,4,746
normal_0610_EDD,1,4,747
normal_0610_EDD,2,1,748
normal_0611_EDD,1,4,749
normal_0612_EDD,1,4,750
normal_0614_EDD,1,4,751
normal_0615_EDD,1,4,752
normal_0615_EDD,2,4,753
normal_0615_EDD,3,4,754
normal_0615_EDD,4,4,755
normal_0617_EDD,1,4,756
normal_0618_EDD,1,4,757
normal_0618_EDD,2,4,758
normal_0618_EDD,3,1,759
normal_0619_EDD,1,4,760
normal_0621_EDD,1,4,761
normal_0621_EDD,2,4,762
normal_0623_EDD,1,4,763
normal_0623_EDD,2,1,764
normal_0626_EDD,1,4,765
normal_0626_EDD,2,4,766
normal_0626_EDD,3,1,767
normal_0626_EDD,4,2,768
normal_0630_EDD,1,4,769
normal_0633_EDD,1,4,770
normal_0637_EDD,1,4,771
normal_0639_EDD,1,4,772
normal_0639_EDD,2,4,773
normal_0641_EDD,1,4,774
normal_0643_EDD,1,2,775
normal_0644_EDD,1,4,776
normal_0644_EDD,2,1,777
normal_0644_EDD,3,2,778
normal_0644_EDD,4,2,779
normal_0644_EDD,5,3,780
normal_0646_EDD,1,4,781
normal_0646_EDD,2,4,782
normal_0646_EDD,3,4,783
normal_0649_EDD,1,4,784
normal_0649_EDD,2,4,785
normal_0651_EDD,1,1,786
normal_0656_EDD,1,4,787
normal_0656_EDD,2,4,788
normal_0659_EDD,1,4,789
normal_0667_EDD,1,4,790
normal_0669_EDD,1,4,791
normal_0670_EDD,1,4,792
normal_0672_EDD,1,4,793
normal_0674_EDD,1,4,794
normal_0674_EDD,2,2,795
normal_0675_EDD,1,4,796
normal_0675_EDD,2,3,797
normal_0677_EDD,1,4,798
normal_0680_EDD,1,4,799
normal_0680_EDD,2,4,800
normal_0681_EDD,1,1,801
normal_0684_EDD,1,1,802
normal_0684_EDD,2,2,803
normal_0684_EDD,3,4,804
normal_0685_EDD,1,1,805
normal_0685_EDD,2,1,806
normal_0685_EDD,3,4,807
normal_0690_EDD,1,4,808
normal_0692_EDD,1,4,809
normal_0696_EDD,1,4,810
normal_0696_EDD,2,4,811
normal_0696_EDD,3,3,812
normal_0697_EDD,1,4,813
normal_0700_EDD,1,4,814
normal_0703_EDD,1,4,815
normal_0706_EDD,1,4,816
normal_0709_EDD,1,2,817
normal_0709_EDD,2,4,818
normal_0709_EDD,3,3,819
normal_0709_EDD,4,3,820
normal_0710_EDD,1,4,821
normal_0710_EDD,2,4,822
normal_0710_EDD,3,4,823
normal_0711_EDD,1,4,824
normal_0712_EDD,1,4,825
normal_0712_EDD,2,1,826
normal_0712_EDD,3,1,827
normal_0713_EDD,1,4,828
normal_0713_EDD,2,1,829
normal_0713_EDD,3,4,830
normal_0713_EDD,4,4,831
normal_0713_EDD,5,4,832
normal_0713_EDD,6,4,833
normal_0714_EDD,1,1,834
normal_0715_EDD,1,4,835
normal_0717_EDD,1,4,836
normal_0717_EDD,2,4,837
normal_0718_EDD,1,4,838
normal_0718_EDD,2,4,839
normal_0719_EDD,1,4,840
normal_0719_EDD,2,4,841
normal_0719_EDD,3,4,842
normal_0719_EDD,4,4,843
normal_0719_EDD,5,4,844
normal_0720_EDD,1,4,845
normal_0720_EDD,2,4,846
normal_0720_EDD,3,4,847
normal_0720_EDD,4,4,848
normal_0725_EDD,1,4,849
normal_0726_EDD,1,4,850
normal_0728_EDD,1,4,851
normal_0729_EDD,1,4,852
normal_0731_EDD,1,4,853
normal_0731_EDD,2,4,854
normal_0731_EDD,3,4,855
normal_0731_EDD,4,4,856
normal_0731_EDD,5,4,857
normal_0731_EDD,6,4,858
normal_0731_EDD,7,4,859
normal_0731_EDD,8,4,860
normal_0731_EDD,9,4,861
normal_0732_EDD,1,4,862
normal_0732_EDD,2,4,863
normal_0732_EDD,3,4,864
normal_0732_EDD,4,4,865
normal_0732_EDD,5,4,866
normal_0733_EDD,1,4,867
normal_0733_EDD,2,4,868
normal_0733_EDD,3,4,869
normal_0733_EDD,4,4,870
normal_0733_EDD,5,3,871
normal_0734_EDD,1,4,872
normal_0734_EDD,2,4,873
normal_0734_EDD,3,4,874
normal_0736_EDD,1,4,875
normal_0736_EDD,2,4,876
normal_0736_EDD,3,4,877
normal_0739_EDD,1,4,878
normal_0739_EDD,2,1,879
normal_0739_EDD,3,4,880
normal_0739_EDD,4,1,881
normal_0740_EDD,1,4,882
normal_0740_EDD,2,4,883
normal_0747_EDD,1,4,884
normal_0747_EDD,2,3,885
normal_0748_EDD,1,4,886
normal_0752_EDD,1,4,887
normal_0752_EDD,2,4,888
normal_0753_EDD,1,4,889
normal_0754_EDD,1,4,890
normal_0755_EDD,1,4,891
normal_0756_EDD,1,4,892
normal_0756_EDD,2,1,893
normal_0757_EDD,1,4,894
normal_0759_EDD,1,4,895
normal_0759_EDD,2,1,896
normal_0761_EDD,1,4,897
normal_0761_EDD,2,1,898
normal_0762_EDD,1,4,899
normal_0762_EDD,2,4,900
normal_0763_EDD,1,4,901
normal_0763_EDD,2,4,902
normal_0764_EDD,1,4,903
normal_0764_EDD,2,4,904
normal_0766_EDD,1,4,905
normal_0766_EDD,2,4,906
normal_0766_EDD,3,4,907
normal_0766_EDD,4,4,908
normal_0767_EDD,1,4,909
normal_0768_EDD,1,4,910
normal_0768_EDD,2,4,911
normal_0769_EDD,1,2,912
normal_0770_EDD,1,4,913
normal_0770_EDD,2,3,914
normal_0771_EDD,1,4,915
normal_0771_EDD,2,4,916
normal_0771_EDD,3,4,917
normal_0771_EDD,4,4,918
normal_0772_EDD,1,4,919
normal_0772_EDD,2,4,920
normal_0772_EDD,3,4,921
normal_0773_EDD,1,2,922
normal_0775_EDD,1,4,923
normal_0777_EDD,1,4,924
normal_0777_EDD,2,4,925
normal_0779_EDD,1,4,926
normal_0779_EDD,2,4,927
normal_0779_EDD,3,4,928
normal_0779_EDD,4,4,929
normal_0781_EDD,1,4,930
normal_0783_EDD,1,4,931
normal_0783_EDD,2,4,932
normal_0784_EDD,1,4,933
normal_0787_EDD,1,4,934
normal_0790_EDD,1,2,935
normal_0790_EDD,2,4,936
normal_0790_EDD,3,4,937
normal_0791_EDD,1,4,938
normal_0791_EDD,2,1,939
normal_0791_EDD,3,4,940
normal_0792_EDD,1,4,941
normal_0792_EDD,2,1,942
normal_0792_EDD,3,4,943
normal_0792_EDD,4,1,944
normal_0796_EDD,1,1,945
normal_0796_EDD,2,4,946
normal_0796_EDD,3,1,947
normal_0796_EDD,4,4,948
normal_0797_EDD,1,4,949
normal_0797_EDD,2,4,950
normal_0798_EDD,1,4,951
normal_0798_EDD,2,4,952
normal_0798_EDD,3,4,953
normal_0798_EDD,4,4,954
normal_0800_EDD,1,4,955
normal_0800_EDD,2,1,956
normal_0800_EDD,3,4,957
normal_0802_EDD,1,4,958
normal_0802_EDD,2,4,959
normal_0802_EDD,3,4,960
normal_0802_EDD,4,4,961
normal_0802_EDD,5,4,962
normal_0802_EDD,6,4,963
normal_0802_EDD,7,4,964
normal_0802_EDD,8,4,965
normal_0802_EDD,9,4,966
normal_0802_EDD,10,4,967
normal_0803_EDD,1,1,968
normal_0804_EDD,1,4,969
normal_0805_EDD,1,4,970
normal_0805_EDD,2,4,971
normal_0806_EDD,1,4,972
normal_0806_EDD,2,4,973
normal_0806_EDD,3,4,974
normal_0806_EDD,4,4,975
normal_0806_EDD,5,4,976
normal_0806_EDD,6,4,977
normal_0811_EDD,1,4,978
normal_0811_EDD,2,1,979
normal_0812_EDD,1,4,980
normal_0812_EDD,2,4,981
normal_0812_EDD,3,4,982
normal_0812_EDD,4,4,983
normal_0812_EDD,5,4,984
normal_0814_EDD,1,4,985
normal_0817_EDD,1,4,986
normal_0818_EDD,1,4,987
normal_0818_EDD,2,4,988
normal_0818_EDD,3,3,989
normal_0818_EDD,4,4,990
normal_0820_EDD,1,4,991
normal_0820_EDD,2,4,992
normal_0822_EDD,1,1,993
normal_0823_EDD,1,4,994
normal_0824_EDD,1,4,995
normal_0827_EDD,1,4,996
normal_0828_EDD,1,1,997
normal_0828_EDD,2,4,998
normal_0832_EDD,1,4,999
normal_0833_EDD,1,4,1000
normal_0839_EDD,1,4,1001
normal_0839_EDD,2,4,1002
normal_0840_EDD,1,4,1003
normal_0841_EDD,1,4,1004
normal_0842_EDD,1,4,1005
normal_0842_EDD,2,1,1006
normal_0843_EDD,1,4,1007
normal_0843_EDD,2,4,1008
normal_0846_EDD,1,2,1009
normal_0847_EDD,1,4,1010
normal_0847_EDD,2,4,1011
normal_0847_EDD,3,4,1012
normal_0848_EDD,1,1,1013
normal_0848_EDD,2,1,1014
normal_0848_EDD,3,4,1015
normal_0848_EDD,4,4,1016
normal_0849_EDD,1,4,1017
normal_0849_EDD,2,4,1018
normal_0851_EDD,1,2,1019
normal_0852_EDD,1,4,1020
normal_0852_EDD,2,4,1021
normal_0854_EDD,1,4,1022
normal_0855_EDD,1,1,1023
normal_0855_EDD,2,4,1024
normal_0855_EDD,3,3,1025
normal_0856_EDD,1,4,1026
normal_0856_EDD,2,2,1027
normal_0857_EDD,1,4,1028
normal_0859_EDD,1,1,1029
normal_0859_EDD,2,4,1030
normal_0859_EDD,3,4,1031
normal_0859_EDD,4,4,1032
normal_0862_EDD,1,2,1033
normal_0864_EDD,1,4,1034
normal_0864_EDD,2,1,1035
normal_0864_EDD,3,4,1036
normal_0865_EDD,1,4,1037
normal_0865_EDD,2,4,1038
normal_0866_EDD,1,4,1039
normal_0866_EDD,2,4,1040
normal_0866_EDD,3,4,1041
normal_0866_EDD,4,4,1042
normal_0866_EDD,5,4,1043
normal_0866_EDD,6,4,1044
normal_0866_EDD,7,4,1045
normal_0866_EDD,8,4,1046
normal_0866_EDD,9,4,1047
normal_0866_EDD,10,4,1048
normal_0866_EDD,11,4,1049
normal_0866_EDD,12,4,1050
normal_0866_EDD,13,4,1051
normal_0866_EDD,14,4,1052
normal_0866_EDD,15,4,1053
normal_0866_EDD,16,4,1054
normal_0866_EDD,17,4,1055
normal_0867_EDD,1,4,1056
normal_0867_EDD,2,4,1057
normal_0867_EDD,3,4,1058
normal_0867_EDD,4,4,1059
normal_0867_EDD,5,4,1060
normal_0867_EDD,6,4,1061
normal_0867_EDD,7,4,1062
normal_0867_EDD,8,4,1063
normal_0867_EDD,9,4,1064
normal_0867_EDD,10,4,1065
normal_0867_EDD,11,4,1066
normal_0867_EDD,12,4,1067
normal_0867_EDD,13,4,1068
normal_0867_EDD,14,4,1069
normal_0867_EDD,15,4,1070
normal_0867_EDD,16,4,1071
normal_0867_EDD,17,4,1072
normal_0867_EDD,18,4,1073
normal_0868_EDD,1,4,1074
normal_0868_EDD,2,4,1075
normal_0868_EDD,3,4,1076
normal_0868_EDD,4,4,1077
normal_0868_EDD,5,4,1078
normal_0869_EDD,1,4,1079
normal_0869_EDD,2,4,1080
normal_0869_EDD,3,4,1081
normal_0869_EDD,4,4,1082
normal_0869_EDD,5,4,1083
normal_0870_EDD,1,4,1084
normal_0870_EDD,2,4,1085
normal_0870_EDD,3,4,1086
normal_0870_EDD,4,4,1087
normal_0870_EDD,5,4,1088
normal_0871_EDD,1,4,1089
normal_0871_EDD,2,4,1090
normal_0877_EDD,1,4,1091
normal_0879_EDD,1,4,1092
normal_0882_EDD,1,4,1093
normal_0883_EDD,1,4,1094
normal_0884_EDD,1,2,1095
normal_0887_EDD,1,4,1096
normal_0888_EDD,1,4,1097
normal_0889_EDD,1,2,1098
normal_0890_EDD,1,4,1099
normal_0890_EDD,2,2,1100
normal_0897_EDD,1,4,1101
normal_0897_EDD,2,4,1102
normal_0898_EDD,1,4,1103
normal_0898_EDD,2,4,1104
normal_0901_EDD,1,4,1105
normal_0901_EDD,2,4,1106
normal_0904_EDD,1,4,1107
normal_0904_EDD,2,4,1108
normal_0907_EDD,1,4,1109
normal_0910_EDD,1,4,1110
normal_0911_EDD,1,4,1111
normal_0913_EDD,1,3,1112
normal_0914_EDD,1,4,1113
normal_0914_EDD,2,4,1114
normal_0916_EDD,1,1,1115
normal_0917_EDD,1,2,1116
normal_0924_EDD,1,1,1117
normal_0924_EDD,2,2,1118
normal_0925_EDD,1,4,1119
normal_0925_EDD,2,4,1120
normal_0926_EDD,1,4,1121
normal_0930_EDD,1,2,1122
normal_0930_EDD,2,4,1123
normal_0931_EDD,1,4,1124
normal_0931_EDD,2,4,1125
normal_0931_EDD,3,4,1126
normal_0931_EDD,4,4,1127
normal_0931_EDD,5,4,1128
normal_0931_EDD,6,4,1129
normal_0931_EDD,7,1,1130
normal_0931_EDD,8,1,1131
normal_0931_EDD,9,4,1132
normal_0931_EDD,10,4,1133
normal_0931_EDD,11,4,1134
normal_0931_EDD,12,4,1135
normal_0931_EDD,13,4,1136
normal_0931_EDD,14,4,1137
normal_0931_EDD,15,4,1138
normal_0932_EDD,1,4,1139
normal_0933_EDD,1,4,1140
normal_0934_EDD,1,1,1141
normal_0934_EDD,2,4,1142
normal_0936_EDD,1,1,1143
normal_0941_EDD,1,4,1144
normal_0941_EDD,2,4,1145
normal_0941_EDD,3,4,1146
normal_0941_EDD,4,3,1147
normal_0941_EDD,5,4,1148
normal_0943_EDD,1,4,1149
normal_0948_EDD,1,4,1150
normal_0948_EDD,2,4,1151
normal_0949_EDD,1,4,1152
normal_0949_EDD,2,4,1153
normal_0951_EDD,1,4,1154
normal_0951_EDD,2,4,1155
normal_0952_EDD,1,1,1156
normal_0952_EDD,2,4,1157
normal_0953_EDD,1,4,1158
normal_0953_EDD,2,4,1159
normal_0953_EDD,3,4,1160
normal_0954_EDD,1,4,1161
normal_0955_EDD,1,1,1162
normal_0955_EDD,2,4,1163
normal_0955_EDD,3,4,1164
normal_0956_EDD,1,4,1165
normal_0956_EDD,2,4,1166
normal_0956_EDD,3,4,1167
normal_0958_EDD,1,4,1168
normal_0958_EDD,2,4,1169
normal_0958_EDD,3,4,1170
normal_0959_EDD,1,4,1171
normal_0962_EDD,1,4,1172
normal_0966_EDD,1,1,1173
normal_0966_EDD,2,4,1174
normal_0966_EDD,3,4,1175
normal_0966_EDD,4,4,1176
normal_0966_EDD,5,4,1177
normal_0966_EDD,6,4,1178
normal_0967_EDD,1,4,1179
normal_0967_EDD,2,4,1180
normal_0967_EDD,3,4,1181
normal_0967_EDD,4,1,1182
normal_0967_EDD,5,4,1183
normal_0967_EDD,6,4,1184
normal_0968_EDD,1,4,1185
normal_0968_EDD,2,4,1186
normal_0968_EDD,3,4,1187
normal_0969_EDD,1,4,1188
normal_0969_EDD,2,4,1189
normal_0972_EDD,1,4,1190
normal_0973_EDD,1,4,1191
normal_0973_EDD,2,4,1192
normal_0973_EDD,3,4,1193
normal_0973_EDD,4,4,1194
normal_0973_EDD,5,4,1195
normal_0973_EDD,6,3,1196
normal_0975_EDD,1,4,1197
normal_0975_EDD,2,4,1198
normal_0976_EDD,1,4,1199
normal_0977_EDD,1,4,1200
normal_0977_EDD,2,4,1201
normal_0981_EDD,1,4,1202
normal_0981_EDD,2,1,1203
normal_0981_EDD,3,3,1204
normal_0982_EDD,1,2,1205
normal_0984_EDD,1,4,1206
normal_0984_EDD,2,4,1207
normal_0984_EDD,3,4,1208
normal_0984_EDD,4,4,1209
normal_0984_EDD,5,4,1210
normal_0984_EDD,6,4,1211
normal_0986_EDD,1,4,1212
normal_0986_EDD,2,4,1213
normal_0987_EDD,1,4,1214
normal_0987_EDD,2,4,1215
normal_0989_EDD,1,4,1216
normal_0989_EDD,2,4,1217
normal_0992_EDD,1,4,1218
normal_0992_EDD,2,4,1219
normal_0992_EDD,3,1,1220
normal_0992_EDD,4,4,1221
normal_0992_EDD,5,4,1222
normal_0992_EDD,6,4,1223
normal_0994_EDD,1,4,1224
normal_0996_EDD,1,4,1225
normal_0998_EDD,1,4,1226
normal_1002_EDD,1,4,1227
normal_1002_EDD,2,4,1228
normal_1003_EDD,1,4,1229
normal_1003_EDD,2,4,1230
normal_1006_EDD,1,4,1231
normal_1006_EDD,2,4,1232
normal_1009_EDD,1,4,1233
normal_1011_EDD,1,4,1234
normal_1015_EDD,1,4,1235
normal_1016_EDD,1,4,1236
normal_1016_EDD,2,1,1237
normal_1016_EDD,3,4,1238
normal_1016_EDD,4,1,1239
normal_1017_EDD,1,4,1240
normal_1017_EDD,2,4,1241
normal_1017_EDD,3,4,1242
normal_1018_EDD,1,4,1243
normal_1020_EDD,1,4,1244
normal_1021_EDD,1,4,1245
normal_1024_EDD,1,1,1246
normal_1025_IFD,1,4,1247
normal_1027_IFD,1,4,1248
normal_1028_IFD,1,4,1249
normal_1029_IFD,1,4,1250
normal_1029_IFD,2,4,1251
normal_1037_IFD,1,4,1252
normal_1039_IFD,1,4,1253
normal_1043_IFD,1,4,1254
normal_1043_IFD,2,4,1255
normal_1043_IFD,3,4,1256
normal_1043_IFD,4,4,1257
normal_1046_IFD,1,4,1258
normal_1047_IFD,1,4,1259
normal_1048_IFD,1,4,1260
normal_1048_IFD,2,4,1261
normal_1048_IFD,3,4,1262
normal_1048_IFD,4,4,1263
normal_1049_IFD,1,4,1264
normal_1052_IFD,1,4,1265
normal_1053_IFD,1,4,1266
normal_1056_IFD,1,4,1267
normal_1057_IFD,1,4,1268
normal_1058_IFD,1,4,1269
normal_1059_IFD,1,4,1270
normal_1060_IFD,1,4,1271
normal_1061_IFD,1,4,1272
normal_1062_IFD,1,4,1273
normal_1063_PPE,1,4,1274
normal_1066_PPE,1,4,1275
normal_1066_PPE,2,4,1276
normal_1066_PPE,3,4,1277
normal_1136_PPE,1,4,1278
normal_1180_PPE,1,4,1279
normal_1201_PPE,1,4,1280
normal_1201_PPE,2,4,1281
normal_1201_PPE,3,4,1282
normal_1349_PPE,1,3,1283
normal_1349_PPE,2,3,1284
normal_1426_PPE,1,4,1285
normal_1458_PPE,1,3,1286
normal_1464_PPE,1,2,1287
normal_1472_PPE,1,4,1288
normal_1490_PPE,1,3,1289
normal_1495_PPE,1,4,1290
normal_1515_PPE,1,4,1291
normal_1519_PPE,1,4,1292
normal_1550_PPE,1,4,1293
normal_1569_PPE,1,4,1294
normal_1584_PPE,1,4,1295
normal_1585_PPE,1,3,1296
normal_1591_PPE,1,4,1297
normal_1592_PPE,1,4,1298
normal_1595_PPE,1,3,1299
normal_1595_PPE,2,3,1300
normal_1597_PPE,1,4,1301
normal_1603_PPE,1,3,1302
normal_1605_PPE,1,4,1303
normal_1605_PPE,2,4,1304
normal_1605_PPE,3,4,1305
normal_1605_PPE,4,4,1306
normal_1605_PPE,5,4,1307
normal_1605_PPE,6,4,1308
normal_1605_PPE,7,4,1309
normal_1605_PPE,8,4,1310
normal_1605_PPE,9,4,1311
normal_1605_PPE,10,4,1312
normal_1625_PPE,1,4,1313
normal_1626_PPE,1,3,1314
normal_1626_PPE,2,3,1315
normal_1627_PPE,1,3,1316
normal_1629_PPE,1,4,1317
normal_1630_PPE,1,3,1318
normal_1640_PPE,1,4,1319
normal_1640_PPE,2,4,1320
normal_1665_PPE,1,3,1321
normal_1667_PPE,1,4,1322
normal_1680_PPE,1,3,1323
normal_1684_PPE,1,4,1324
normal_1684_PPE,2,4,1325
normal_1684_PPE,3,4,1326
normal_1691_PPE,1,4,1327
normal_1691_PPE,2,4,1328
normal_1691_PPE,3,4,1329
normal_1691_PPE,4,4,1330
normal_1691_PPE,5,4,1331
normal_1691_PPE,6,4,1332
normal_1691_PPE,7,4,1333
normal_1693_PPE,1,4,1334
normal_1750_PPE,1,3,1335
normal_1750_PPE,2,3,1336
normal_1778_PPE,1,3,1337
normal_1778_PPE,2,1,1338
normal_1788_PPE,1,4,1339
normal_1788_PPE,2,2,1340
normal_1788_PPE,3,1,1341
normal_1795_PPE,1,3,1342
normal_1820_PPE,1,3,1343
normal_1820_PPE,2,1,1344
normal_1827_PPE,1,4,1345
normal_1842_RFM,1,4,1346
normal_1843_RFM,1,4,1347
normal_1845_RFM,1,4,1348
normal_1846_RFM,1,4,1349
normal_1847_RFM,1,4,1350
normal_1849_RFM,1,4,1351
normal_1850_RFM,1,4,1352
normal_1851_RFM,1,4,1353
normal_1853_RFM,1,1,1354
normal_1858_RFM,1,4,1355
normal_1862_RFM,1,4,1356
normal_1864_RFM,1,4,1357
normal_1864_RFM,2,4,1358
normal_1864_RFM,3,4,1359
normal_1864_RFM,4,4,1360
normal_1865_RFM,1,4,1361
normal_1865_RFM,2,4,1362
normal_1866_RFM,1,4,1363
normal_1866_RFM,2,4,1364
normal_1866_RFM,3,4,1365
normal_1869_RFM,1,4,1366
normal_1873_RFM,1,4,1367
normal_1883_RFM,1,4,1368
normal_1883_RFM,2,4,1369
normal_1883_RFM,3,4,1370
normal_1887_RFM,1,4,1371
normal_1889_RFM,1,4,1372
normal_1889_RFM,2,4,1373
normal_1889_RFM,3,4,1374
normal_1890_RFM,1,4,1375
normal_1891_RFM,1,4,1376
normal_1892_RFM,1,4,1377
normal_1892_RFM,2,4,1378
normal_1893_RFM,1,4,1379
normal_1893_RFM,2,4,1380
normal_1893_RFM,3,4,1381
normal_1895_RFM,1,4,1382
normal_1897_RFM,1,4,1383
normal_1900_RFM,1,4,1384
normal_1902_RFM,1,4,1385
normal_1903_RFM,1,4,1386
normal_1904_RFM,1,4,1387
normal_1907_RFM,1,4,1388
normal_1907_RFM,2,4,1389
normal_1907_RFM,3,4,1390
normal_1907_RFM,4,4,1391
normal_1907_RFM,5,4,1392
normal_1911_RFM,1,4,1393
normal_1911_RFM,2,4,1394
normal_1912_RFM,1,4,1395
normal_1917_RFM,1,4,1396
normal_1918_RFM,1,4,1397
normal_1918_RFM,2,4,1398
normal_1922_RFM,1,4,1399
normal_1922_RFM,2,4,1400
normal_1923_RFM,1,4,1401
normal_1923_RFM,2,4,1402
normal_1924_RFM,1,4,1403
normal_1924_RFM,2,4,1404
normal_1925_RFM,1,4,1405
normal_1926_RFM,1,4,1406
normal_1928_RFM,1,4,1407
normal_1928_RFM,2,4,1408
normal_1929_RFM,1,4,1409
normal_1929_RFM,2,4,1410
normal_1929_RFM,3,4,1411
normal_1930_RFM,1,2,1412
normal_1931_RFM,1,4,1413
normal_1931_RFM,2,4,1414
normal_1931_RFM,3,4,1415
normal_1932_RFM,1,4,1416
normal_1933_RFM,1,4,1417
normal_1936_RFM,1,4,1418
normal_1936_RFM,2,4,1419
normal_1936_RFM,3,4,1420
normal_1936_RFM,4,4,1421
normal_1936_RFM,5,4,1422
normal_1936_RFM,6,4,1423
normal_1936_RFM,7,4,1424
normal_1936_RFM,8,4,1425
normal_1936_RFM,9,4,1426
normal_1936_RFM,10,4,1427
normal_1936_RFM,11,4,1428
normal_1936_RFM,12,4,1429
normal_1936_RFM,13,4,1430
normal_1936_RFM,14,4,1431
normal_1937_RFM,1,4,1432
normal_1937_RFM,2,4,1433
normal_1937_RFM,3,3,1434
normal_1938_RFM,1,4,1435
normal_1939_RFM,1,4,1436
normal_1939_RFM,2,4,1437
normal_1942_RFM,1,4,1438
normal_1944_RFM,1,4,1439
normal_1945_RFM,1,4,1440
normal_1945_RFM,2,4,1441
normal_1946_RFM,1,4,1442
normal_1948_RFM,1,4,1443
normal_1949_RFM,1,4,1444
normal_1951_RFM,1,4,1445
normal_1951_RFM,2,4,1446
normal_1952_RFM,1,4,1447
normal_1953_RFM,1,4,1448
normal_1954_RFM,1,4,1449
normal_1955_RFM,1,4,1450
normal_1955_RFM,2,4,1451
normal_1955_RFM,3,4,1452
normal_1955_RFM,4,4,1453
normal_1955_RFM,5,4,1454
normal_1955_RFM,6,4,1455
normal_1955_RFM,7,4,1456
normal_1955_RFM,8,4,1457
normal_1955_RFM,9,4,1458
normal_1955_RFM,10,4,1459
normal_1955_RFM,11,4,1460
normal_1955_RFM,12,4,1461
normal_1957_RFM,1,4,1462
normal_1958_RFM,1,4,1463
normal_1958_RFM,2,4,1464
normal_1959_RFM,1,4,1465
normal_1961_RFM,1,4,1466
normal_1963_RFM,1,4,1467
normal_1964_RFM,1,4,1468
normal_1966_RFM,1,4,1469
normal_1966_RFM,2,4,1470
normal_1966_RFM,3,4,1471
normal_1967_RFM,1,4,1472
normal_1968_RFM,1,4,1473
normal_1969_RFM,1,4,1474
normal_1969_RFM,2,4,1475
normal_1970_RFM,1,4,1476
normal_1971_RFM,1,4,1477
normal_1972_RFM,1,4,1478
normal_1976_RFM,1,4,1479
normal_1976_RFM,2,4,1480
normal_1978_RFM,1,4,1481
normal_1979_RFM,1,4,1482
normal_1980_RFM,1,4,1483
normal_1980_RFM,2,4,1484
normal_1980_RFM,3,4,1485
normal_1982_RFM,1,4,1486
normal_1983_RFM,1,4,1487
normal_1983_RFM,2,4,1488
normal_1986_RFM,1,4,1489
normal_1986_RFM,2,4,1490
normal_1989_RFM,1,4,1491
normal_1993_RFM,1,4,1492
normal_1993_RFM,2,4,1493
normal_1996_RFM,1,4,1494
normal_2002_RFM,1,4,1495
normal_2003_RFM,1,4,1496
normal_2005_RFM,1,4,1497
normal_2007_RFM,1,4,1498
normal_2007_RFM,2,4,1499
normal_2010_RFM,1,4,1500
normal_2012_RFM,1,4,1501
normal_2014_RFM,1,4,1502
normal_2016_RFM,1,4,1503
normal_2017_RFM,1,4,1504
normal_2017_RFM,2,4,1505
normal_2017_RFM,3,4,1506
normal_2023_RFM,1,4,1507
normal_2024_RFM,1,4,1508
normal_2024_RFM,2,4,1509
normal_2024_RFM,3,4,1510
normal_2026_RFM,1,4,1511
normal_2026_RFM,2,4,1512
normal_2027_RFM,1,4,1513
normal_2029_RFM,1,4,1514
normal_2030_RFM,1,4,1515
normal_2031_RFM,1,4,1516
normal_2032_RFM,1,4,1517
normal_2033_RFM,1,4,1518
normal_2033_RFM,2,4,1519
normal_2037_RFM,1,4,1520
normal_2037_RFM,2,4,1521
normal_2038_RFM,1,4,1522
normal_2039_RFM,1,4,1523
normal_2039_RFM,2,4,1524
normal_2040_RFM,1,4,1525
normal_2042_RFM,1,4,1526
normal_2044_RFM,1,4,1527
normal_2048_RFM,1,4,1528
normal_2049_RFM,1,4,1529
normal_2051_RFM,1,4,1530
normal_2051_RFM,2,4,1531
normal_2056_RFM,1,4,1532
normal_2058_RFM,1,3,1533
normal_2059_RFM,1,4,1534
normal_2060_RFM,1,4,1535
normal_2061_RFM,1,4,1536
normal_2062_RFM,1,4,1537
normal_2063_RFM,1,4,1538
normal_2063_RFM,2,4,1539
normal_2065_RFM,1,4,1540
normal_2066_RFM,1,4,1541
normal_2066_RFM,2,4,1542
normal_2067_RFM,1,4,1543
normal_2067_RFM,2,4,1544
normal_2068_RFM,1,4,1545
normal_2068_RFM,2,4,1546
normal_2072_RFM,1,4,1547
normal_2078_RFM,1,4,1548
normal_2081_RFM,1,4,1549
normal_2084_RFM,1,4,1550
normal_2085_RFM,1,4,1551
normal_2085_RFM,2,4,1552
normal_2086_RFM,1,4,1553
normal_2086_RFM,2,4,1554
normal_2090_RFM,1,4,1555
normal_2091_RFM,1,4,1556
normal_2092_RFM,1,4,1557
normal_2093_RFM,1,4,1558
normal_2093_RFM,2,4,1559
normal_2093_RFM,3,4,1560
normal_2094_RFM,1,4,1561
normal_2094_RFM,2,1,1562
normal_2095_RFM,1,4,1563
normal_2096_RFM,1,4,1564
normal_2096_RFM,2,4,1565
normal_2096_RFM,3,4,1566
normal_2096_RFM,4,4,1567
normal_2097_RFM,1,4,1568
normal_2100_RFM,1,4,1569
normal_2101_RFM,1,4,1570
normal_2101_RFM,2,4,1571
normal_2102_RFM,1,4,1572
normal_2104_RFM,1,4,1573
normal_2106_RFM,1,4,1574
normal_2106_RFM,2,4,1575
normal_2107_RFM,1,4,1576
normal_2108_RFM,1,4,1577
normal_2109_RFM,1,4,1578
normal_2111_RFM,1,4,1579
normal_2114_RFM,1,4,1580
normal_2115_RFM,1,4,1581
normal_2115_RFM,2,4,1582
normal_2115_RFM,3,4,1583
normal_2116_RFM,1,4,1584
normal_2123_RFM,1,4,1585
normal_2125_RFM,1,4,1586
normal_2127_RFM,1,4,1587
normal_2128_RFM,1,4,1588
normal_2131_RFM,1,4,1589
normal_2137_RFM,1,4,1590
normal_2138_RFM,1,4,1591
normal_2138_RFM,2,4,1592
normal_2138_RFM,3,4,1593
normal_2138_RFM,4,4,1594
normal_2139_RFM,1,4,1595
normal_2139_RFM,2,4,1596
normal_2139_RFM,3,4,1597
normal_2140_RFM,1,4,1598
normal_2140_RFM,2,4,1599
normal_2142_RFM,1,4,1600
normal_2147_RFM,1,4,1601
normal_2148_RFM,1,4,1602
normal_2148_RFM,2,4,1603
normal_2149_RFM,1,4,1604
normal_2151_RFM,1,4,1605
normal_2152_RFM,1,4,1606
normal_2156_RFM,1,4,1607
normal_2156_RFM,2,4,1608
normal_2159_RFM,1,4,1609
normal_2160_RFM,1,4,1610
normal_2162_RFM,1,4,1611
normal_2163_RFM,1,4,1612
normal_2164_RFM,1,4,1613
normal_2164_RFM,2,4,1614
normal_2164_RFM,3,4,1615
normal_2164_RFM,4,4,1616
normal_2164_RFM,5,4,1617
normal_2166_RFM,1,4,1618
normal_2171_RFM,1,4,1619
normal_2171_RFM,2,4,1620
normal_2173_RFM,1,4,1621
normal_2174_RFM,1,4,1622
normal_2180_RFM,1,4,1623
normal_2181_RFM,1,4,1624
normal_2182_RFM,1,4,1625
normal_2183_RFM,1,4,1626
normal_2185_RFM,1,4,1627
normal_2185_RFM,2,4,1628
normal_2185_RFM,3,4,1629
normal_2186_RFM,1,4,1630
normal_2186_RFM,2,4,1631
normal_2189_RFM,1,4,1632
normal_2189_RFM,2,4,1633
normal_2189_RFM,3,4,1634
normal_2192_RFM,1,4,1635
normal_2193_RFM,1,4,1636
normal_2193_RFM,2,4,1637
normal_2195_RFM,1,4,1638
normal_2197_RFM,1,4,1639
normal_2197_RFM,2,4,1640
normal_2200_RFM,1,4,1641
normal_2200_RFM,2,4,1642
normal_2207_RFM,1,4,1643
normal_2207_RFM,2,4,1644
normal_2208_RFM,1,4,1645
normal_2208_RFM,2,4,1646
normal_2209_RFM,1,4,1647
normal_2210_RFM,1,4,1648
normal_2211_RFM,1,4,1649
normal_2211_RFM,2,4,1650
normal_2211_RFM,3,4,1651
normal_2212_RFM,1,4,1652
normal_2215_RFM,1,4,1653
normal_2217_RFM,1,4,1654
normal_2218_RFM,1,4,1655
normal_2218_RFM,2,4,1656
normal_2220_RFM,1,4,1657
normal_2223_RFM,1,4,1658
normal_2223_RFM,2,4,1659
normal_2227_RFM,1,4,1660
normal_2229_RFM,1,4,1661
normal_2229_RFM,2,4,1662
normal_2229_RFM,3,4,1663
normal_2229_RFM,4,4,1664
normal_2232_RFM,1,4,1665
normal_2234_RFM,1,1,1666
normal_2236_RFM,1,4,1667
normal_2237_RFM,1,4,1668
normal_2237_RFM,2,4,1669
normal_2239_RFM,1,4,1670
normal_2240_RFM,1,4,1671
normal_2243_RFM,1,4,1672
normal_2243_RFM,2,4,1673
normal_2243_RFM,3,4,1674
normal_2244_RFM,1,4,1675
normal_2248_RFM,1,4,1676
normal_2248_RFM,2,4,1677
normal_2250_RFM,1,4,1678
normal_2251_RFM,1,4,1679
normal_2251_RFM,2,4,1680
normal_2253_RFM,1,4,1681
normal_2258_RFM,1,4,1682
normal_2261_RFM,1,4,1683
normal_2261_RFM,2,4,1684
normal_2263_RFM,1,4,1685
normal_2265_RFM,1,4,1686
normal_2266_RFM,1,4,1687
normal_2268_RFM,1,4,1688
normal_2268_RFM,2,4,1689
normal_2268_RFM,3,4,1690
normal_2270_RFM,1,4,1691
normal_2270_RFM,2,4,1692
normal_2270_RFM,3,1,1693
normal_2272_RFM,1,4,1694
normal_2272_RFM,2,4,1695
normal_2272_RFM,3,4,1696
normal_2272_RFM,4,4,1697
normal_2273_RFM,1,4,1698
normal_2275_RFM,1,4,1699
normal_2276_RFM,1,4,1700
normal_2276_RFM,2,4,1701
normal_2276_RFM,3,4,1702
normal_2277_RFM,1,4,1703
normal_2279_RFM,1,4,1704
normal_2279_RFM,2,4,1705
normal_2280_RFM,1,4,1706
normal_2280_RFM,2,4,1707
normal_2281_RFM,1,4,1708
normal_2281_RFM,2,4,1709
normal_2281_RFM,3,4,1710
normal_2282_RFM,1,4,1711
normal_2285_RFM,1,4,1712
normal_2286_RFM,1,4,1713
normal_2286_RFM,2,4,1714
normal_2286_RFM,3,4,1715
normal_2287_RFM,1,4,1716
normal_2289_RFM,1,4,1717
normal_2290_RFM,1,4,1718
normal_2291_RFM,1,4,1719
normal_2291_RFM,2,4,1720
normal_2292_RFM,1,4,1721
normal_2292_RFM,2,4,1722
normal_2294_RFM,1,4,1723
normal_2294_RFM,2,4,1724
normal_2294_RFM,3,4,1725
normal_2295_RFM,1,4,1726
normal_2298_RFM,1,4,1727
normal_2301_RFM,1,4,1728
normal_2302_RFM,1,4,1729
normal_2302_RFM,2,4,1730
normal_2303_RFM,1,4,1731
normal_2304_RFM,1,4,1732
normal_2304_RFM,2,4,1733
normal_2304_RFM,3,4,1734
normal_2307_RFM,1,4,1735
normal_2307_RFM,2,4,1736
normal_2309_RFM,1,4,1737
normal_2310_RFM,1,4,1738
normal_2311_RFM,1,4,1739
normal_2311_RFM,2,4,1740
normal_2314_RFM,1,4,1741
normal_2316_RFM,1,4,1742
normal_2322_RFM,1,4,1743
normal_2326_RFM,1,4,1744
normal_2326_RFM,2,4,1745
normal_2326_RFM,3,4,1746
normal_2329_RFM,1,4,1747
normal_2331_RFM,1,4,1748
normal_2333_RFM,1,4,1749
normal_2337_RFM,1,1,1750
normal_2338_RFM,1,4,1751
normal_2342_RFM,1,4,1752
normal_2345_RFM,1,4,1753
normal_2347_RFM,1,4,1754
normal_2348_RFM,1,4,1755
normal_2351_RFM,1,4,1756
normal_2353_RFM,1,4,1757
normal_2353_RFM,2,4,1758
normal_2353_RFM,3,4,1759
normal_2353_RFM,4,4,1760
normal_2354_RFM,1,4,1761
normal_2354_RFM,2,4,1762
normal_2356_RFM,1,4,1763
normal_2356_RFM,2,4,1764
normal_2356_RFM,3,4,1765
normal_2357_RFM,1,4,1766
normal_2357_RFM,2,4,1767
normal_2360_RFM,1,4,1768
normal_2360_RFM,2,4,1769
normal_2363_RFM,1,4,1770
normal_2369_RFM,1,4,1771
normal_2370_RFM,1,4,1772
normal_2370_RFM,2,4,1773
normal_2371_RFM,1,4,1774
normal_2372_RFM,1,4,1775
normal_2372_RFM,2,4,1776
normal_2374_RFM,1,4,1777
normal_2375_RFM,1,4,1778
normal_2379_RFM,1,4,1779
normal_2381_RFM,1,4,1780
normal_2382_RFM,1,4,1781
normal_2383_RFM,1,4,1782
normal_2383_RFM,2,4,1783
normal_2383_RFM,3,4,1784
normal_2388_RFM,1,4,1785
normal_2388_RFM,2,4,1786
normal_2390_RFM,1,4,1787
normal_2393_RFM,1,4,1788
normal_2394_RFM,1,4,1789
normal_2394_RFM,2,4,1790
normal_2394_RFM,3,4,1791
normal_2395_RFM,1,4,1792
normal_2397_RFM,1,4,1793
normal_2400_RFM,1,4,1794
normal_2403_RFM,1,4,1795
normal_2404_RFM,1,4,1796
normal_2405_RFM,1,4,1797
normal_2407_RFM,1,4,1798
normal_2408_RFM,1,4,1799
normal_2409_RFM,1,4,1800
normal_2411_RFM,1,4,1801
normal_2412_RFM,1,4,1802
normal_2412_RFM,2,4,1803
normal_2413_RFM,1,4,1804
normal_2414_RFM,1,4,1805
normal_2416_RFM,1,4,1806
normal_2417_RFM,1,4,1807
normal_2418_RFM,1,4,1808
normal_2421_RFM,1,4,1809
normal_2422_RFM,1,4,1810
normal_2424_RFM,1,4,1811
normal_2426_RFM,1,4,1812
normal_2427_RFM,1,4,1813
normal_2427_RFM,2,4,1814
normal_2427_RFM,3,4,1815
normal_2429_RFM,1,4,1816
normal_2429_RFM,2,4,1817
normal_2430_RFM,1,4,1818
normal_2433_RFM,1,4,1819
normal_2434_RFM,1,4,1820
normal_2436_RFM,1,4,1821
normal_2437_RFM,1,4,1822
normal_2438_RFM,1,4,1823
normal_2439_RFM,1,4,1824
normal_2442_RFM,1,4,1825
normal_2443_RFM,1,4,1826
normal_2443_RFM,2,4,1827
normal_2446_RFM,1,1,1828
normal_2448_RFM,1,4,1829
normal_2448_RFM,2,4,1830
normal_2451_RFM,1,4,1831
normal_2456_RFM,1,4,1832
normal_2456_RFM,2,4,1833
normal_2460_RFM,1,4,1834
normal_2460_RFM,2,4,1835
normal_2463_RFM,1,4,1836
normal_2466_RFM,1,4,1837
normal_2466_RFM,2,4,1838
normal_2466_RFM,3,4,1839
normal_2468_RFM,1,4,1840
normal_2471_RFM,1,4,1841
normal_2472_RFM,1,4,1842
normal_2472_RFM,2,4,1843
normal_2473_RFM,1,4,1844
normal_2473_RFM,2,4,1845
normal_2482_RFM,1,4,1846
normal_2482_RFM,2,4,1847
normal_2487_RFM,1,4,1848
normal_2488_RFM,1,4,1849
normal_2489_RFM,1,4,1850
normal_2489_RFM,2,4,1851
normal_2489_RFM,3,4,1852
normal_2493_RFM,1,4,1853
normal_2502_RFM,1,4,1854
normal_2502_RFM,2,4,1855
normal_2506_RFM,1,4,1856
normal_2508_RFM,1,4,1857
normal_2509_RFM,1,4,1858
papilledema_0004_EDD,1,4,1859
papilledema_0005_EDD,1,4,1860
papilledema_0005_EDD,2,4,1861
papilledema_0005_EDD,3,3,1862
papilledema_0005_EDD,4,3,1863
papilledema_0007_EDD,1,2,1864
papilledema_0007_EDD,2,4,1865
papilledema_0007_EDD,3,4,1866
papilledema_0007_EDD,4,2,1867
papilledema_0009_EDD,1,4,1868
papilledema_0011_EDD,1,4,1869
papilledema_0013_EDD,1,4,1870
papilledema_0013_EDD,2,4,1871
papilledema_0013_EDD,3,4,1872
papilledema_0015_EDD,1,4,1873
papilledema_0016_EDD,1,4,1874
papilledema_0018_EDD,1,4,1875
papilledema_0026_EDD,1,4,1876
papilledema_0031_EDD,1,4,1877
papilledema_0031_EDD,2,4,1878
papilledema_0031_EDD,3,4,1879
papilledema_0032_EDD,1,4,1880
papilledema_0039_EDD,1,4,1881
papilledema_0039_EDD,2,1,1882
papilledema_0041_EDD,1,4,1883
papilledema_0041_EDD,2,4,1884
papilledema_0043_EDD,1,4,1885
papilledema_0044_EDD,1,4,1886
papilledema_0045_EDD,1,3,1887
papilledema_0045_EDD,2,4,1888
papilledema_0045_EDD,3,4,1889
papilledema_0045_EDD,4,2,1890
papilledema_0046_EDD,1,4,1891
papilledema_0046_EDD,2,4,1892
papilledema_0046_EDD,3,4,1893
papilledema_0055_EDD,1,3,1894
papilledema_0056_EDD,1,4,1895
papilledema_0056_EDD,2,4,1896
papilledema_0058_EDD,1,4,1897
papilledema_0059_EDD,1,3,1898
papilledema_0060_EDD,1,4,1899
papilledema_0060_EDD,2,3,1900
papilledema_0060_EDD,3,3,1901
papilledema_0060_EDD,4,3,1902
papilledema_0061_EDD,1,4,1903
papilledema_0061_EDD,2,4,1904
papilledema_0061_EDD,3,4,1905
papilledema_0061_EDD,4,4,1906
papilledema_0061_EDD,5,1,1907
papilledema_0066_EDD,1,4,1908
papilledema_0066_EDD,2,4,1909
papilledema_0066_EDD,3,4,1910
papilledema_0075_EDD,1,4,1911
papilledema_0076_EDD,1,2,1912
papilledema_0076_EDD,2,3,1913
papilledema_0076_EDD,3,1,1914
papilledema_0076_EDD,4,1,1915
papilledema_0078_EDD,1,4,1916
papilledema_0078_EDD,2,4,1917
papilledema_0078_EDD,3,4,1918
papilledema_0081_EDD,1,4,1919
papilledema_0083_EDD,1,4,1920
papilledema_0086_EDD,1,4,1921
papilledema_0088_EDD,1,4,1922
papilledema_0092_EDD,1,4,1923
papilledema_0096_EDD,1,4,1924
papilledema_0096_EDD,2,4,1925
papilledema_0097_EDD,1,4,1926
papilledema_0097_EDD,2,4,1927
papilledema_0098_EDD,1,4,1928
papilledema_0098_EDD,2,3,1929
papilledema_0098_EDD,3,4,1930
papilledema_0098_EDD,4,4,1931
papilledema_0098_EDD,5,4,1932
papilledema_0098_EDD,6,4,1933
papilledema_0100_EDD,1,1,1934
papilledema_0101_EDD,1,3,1935
papilledema_0101_EDD,2,3,1936
papilledema_0101_EDD,3,2,1937
papilledema_0101_EDD,4,2,1938
papilledema_0102_EDD,1,4,1939
papilledema_0104_EDD,1,4,1940
papilledema_0104_EDD,2,4,1941
papilledema_0105_EDD,1,1,1942
papilledema_0106_EDD,1,4,1943
papilledema_0110_EDD,1,4,1944
papilledema_0112_EDD,1,4,1945
papilledema_0117_EDD,1,4,1946
papilledema_0120_EDD,1,4,1947
papilledema_0121_EDD,1,4,1948
papilledema_0126_EDD,1,4,1949
papilledema_0126_EDD,2,4,1950
papilledema_0129_IFD,1,4,1951
papilledema_0131_IFD,1,4,1952
papilledema_0137_IFD,1,3,1953
papilledema_0137_IFD,2,4,1954
papilledema_0137_IFD,3,4,1955
papilledema_0138_IFD,1,2,1956
papilledema_0138_IFD,2,4,1957
papilledema_0139_IFD,1,4,1958
papilledema_0151_PPE,1,4,1959
papilledema_0175_PPE,1,3,1960
papilledema_0177_PPE,1,1,1961
papilledema_0201_PPE,1,1,1962
papilledema_0218_PPE,1,2,1963
papilledema_0222_PPE,1,3,1964
papilledema_0224_PPE,1,4,1965
papilledema_0227_PPE,1,4,1966
papilledema_0251_PPE,1,2,1967
papilledema_0251_PPE,2,4,1968
papilledema_0251_PPE,3,1,1969
papilledema_0253_PPE,1,4,1970
papilledema_0254_PPE,1,4,1971
papilledema_0259_PPE,1,1,1972
papilledema_0263_PPE,1,4,1973
papilledema_0268_PPE,1,1,1974
papilledema_0276_PPE,1,1,1975
papilledema_0292_PPE,1,2,1976
papilledema_0295_PPE,1,4,1977
papilledema_0300_PPE,1,4,1978
papilledema_0306_PPE,1,4,1979
papilledema_0311_PPE,1,4,1980
papilledema_0311_PPE,2,4,1981
papilledema_0311_PPE,3,4,1982
papilledema_0311_PPE,4,4,1983
papilledema_0311_PPE,5,4,1984
papilledema_0311_PPE,6,3,1985
papilledema_0311_PPE,7,4,1986
papilledema_0311_PPE,8,3,1987
papilledema_0311_PPE,9,2,1988
papilledema_0311_PPE,10,2,1989
papilledema_0311_PPE,11,2,1990
papilledema_0312_PPE,1,2,1991
papilledema_0323_PPE,1,4,1992
papilledema_0323_PPE,2,4,1993
papilledema_0323_PPE,3,4,1994
papilledema_0323_PPE,4,4,1995
papilledema_0323_PPE,5,4,1996
papilledema_0323_PPE,6,3,1997
papilledema_0323_PPE,7,3,1998
papilledema_0323_PPE,8,3,1999
papilledema_0323_PPE,9,2,2000
papilledema_0324_PPE,1,3,2001
papilledema_0325_PPE,1,4,2002
papilledema_0325_PPE,2,1,2003
papilledema_0326_PPE,1,4,2004
papilledema_0365_PPE,1,4,2005
papilledema_0374_PPE,1,4,2006
papilledema_0383_PPE,1,2,2007
papilledema_0385_PPE,1,3,2008
papilledema_0391_PPE,1,1,2009
papilledema_0416_PPE,1,4,2010
papilledema_0431_PPE,1,2,2011
papilledema_0439_RFM,1,4,2012
papilledema_0440_RFM,1,4,2013
papilledema_0443_RFM,1,4,2014
papilledema_0446_RFM,1,4,2015
papilledema_0450_RFM,1,4,2016
papilledema_0451_RFM,1,4,2017
papilledema_0451_RFM,2,4,2018
papilledema_0451_RFM,3,4,2019
papilledema_0454_RFM,1,4,2020
papilledema_0459_RFM,1,4,2021
papilledema_0466_RFM,1,4,2022
papilledema_0466_RFM,2,4,2023
papilledema_0467_RFM,1,4,2024
papilledema_0467_RFM,2,4,2025
papilledema_0467_RFM,3,4,2026
papilledema_0467_RFM,4,4,2027
papilledema_0470_RFM,1,4,2028
papilledema_0471_RFM,1,4,2029
papilledema_0474_RFM,1,4,2030
papilledema_0482_RFM,1,4,2031
papilledema_0485_RFM,1,4,2032
papilledema_0486_RFM,1,4,2033
papilledema_0486_RFM,2,4,2034
papilledema_0492_RFM,1,4,2035
papilledema_0497_RFM,1,4,2036
papilledema_0497_RFM,2,4,2037
papilledema_0497_RFM,3,3,2038
papilledema_0501_RFM,1,4,2039
papilledema_0502_RFM,1,4,2040
papilledema_0502_RFM,2,4,2041
papilledema_0502_RFM,3,4,2042
papilledema_0503_RFM,1,4,2043
papilledema_0506_RFM,1,4,2044
papilledema_0507_RFM,1,4,2045
papilledema_0507_RFM,2,4,2046
papilledema_0513_RFM,1,4,2047
papilledema_0514_RFM,1,4,2048
papilledema_0514_RFM,2,4,2049
papilledema_0515_RFM,1,4,2050
papilledema_0516_RFM,1,4,2051
papilledema_0516_RFM,2,4,2052
papilledema_0516_RFM,3,4,2053
papilledema_0518_RFM,1,1,2054
papilledema_0520_RFM,1,4,2055
papilledema_0523_RFM,1,4,2056
papilledema_0523_RFM,2,4,2057
papilledema_0527_RFM,1,4,2058
papilledema_0530_RFM,1,4,2059
papilledema_0530_RFM,2,4,2060
papilledema_0530_RFM,3,4,2061
papilledema_0530_RFM,4,4,2062
papilledema_0531_RFM,1,4,2063
papilledema_0531_RFM,2,4,2064
papilledema_0531_RFM,3,4,2065
papilledema_0533_WHC,1,4,2066
papilledema_0533_WHC,2,4,2067
papilledema_0533_WHC,3,4,2068
papilledema_0534_WHC,1,4,2069
papilledema_0534_WHC,2,2,2070
papilledema_0535_WHC,1,4,2071
papilledema_0536_WHC,1,4,2072
papilledema_0537_WHC,1,4,2073
papilledema_0540_WHC,1,2,2074
papilledema_0541_WHC,1,4,2075
papilledema_0541_WHC,2,4,2076
papilledema_0542_WHC,1,4,2077
papilledema_0542_WHC,2,4,2078
papilledema_0542_WHC,3,4,2079
papilledema_0542_WHC,4,4,2080
papilledema_0544_WHC,1,4,2081
papilledema_0547_WHC,1,3,2082
papilledema_0548_WHC,1,1,2083
papilledema_0548_WHC,2,4,2084
papilledema_0548_WHC,3,4,2085
papilledema_0549_WHC,1,4,2086
papilledema_0550_WHC,1,3,2087
papilledema_0551_WHC,1,4,2088
papilledema_0552_WHC,1,4,2089
papilledema_0552_WHC,2,4,2090
papilledema_0552_WHC,3,4,2091
papilledema_0552_WHC,4,4,2092
papilledema_0553_WHC,1,4,2093
papilledema_0554_WHC,1,4,2094
papilledema_0557_WHC,1,4,2095
papilledema_0558_WHC,1,4,2096
papilledema_0558_WHC,2,2,2097
papilledema_0561_WHC,1,3,2098
papilledema_0566_WHC,1,2,2099
papilledema_0566_WHC,2,4,2100
papilledema_0567_WHC,1,4,2101
papilledema_0567_WHC,2,4,2102
papilledema_0568_WHC,1,4,2103
papilledema_0568_WHC,2,3,2104
papilledema_0569_WHC,1,4,2105
papilledema_0569_WHC,2,3,2106
papilledema_0570_WHC,1,2,2107
papilledema_0570_WHC,2,2,2108
papilledema_0571_WHC,1,4,2109
papilledema_0571_WHC,2,3,2110
papilledema_0572_WHC,1,4,2111
papilledema_0572_WHC,2,3,2112
papilledema_0573_WHC,1,4,2113
papilledema_0573_WHC,2,4,2114
papilledema_0573_WHC,3,3,2115
papilledema_0573_WHC,4,1,2116
papilledema_0573_WHC,5,1,2117
papilledema_0574_WHC,1,3,2118
papilledema_0575_WHC,1,4,2119
papilledema_0577_WHC,1,4,2120
papilledema_0578_WHC,1,4,2121
papilledema_0582_WHC,1,4,2122
papilledema_0584_WHC,1,4,2123
papilledema_0585_WHC,1,4,2124
papilledema_0585_WHC,2,4,2125
papilledema_0585_WHC,3,4,2126
papilledema_0585_WHC,4,4,2127
papilledema_0585_WHC,5,4,2128
papilledema_0585_WHC,6,4,2129
papilledema_0585_WHC,7,4,2130
papilledema_0585_WHC,8,4,2131
papilledema_0585_WHC,9,4,2132
papilledema_0585_WHC,10,4,2133
papilledema_0585_WHC,11,4,2134
papilledema_0586_WHC,1,4,2135
papilledema_0586_WHC,2,4,2136
papilledema_0590_WHC,1,4,2137
papilledema_0590_WHC,2,4,2138
papilledema_0590_WHC,3,4,2139
papilledema_0591_WHC,1,2,2140
papilledema_0592_WHC,1,4,2141
papilledema_0593_WHC,1,4,2142
papilledema_0593_WHC,2,3,2143
papilledema_0593_WHC,3,4,2144
papilledema_0593_WHC,4,4,2145
papilledema_0595_WHC,1,4,2146
papilledema_0597_WHC,1,4,2147
papilledema_0597_WHC,2,4,2148
papilledema_0597_WHC,3,4,2149
papilledema_0597_WHC,4,4,2150
papilledema_0597_WHC,5,4,2151
papilledema_0597_WHC,6,4,2152
papilledema_0597_WHC,7,4,2153
papilledema_0598_WHC,1,4,2154
papilledema_0599_WHC,1,4,2155
papilledema_0600_WHC,1,4,2156
papilledema_0601_WHC,1,3,2157
papilledema_0602_WHC,1,4,2158
papilledema_0604_WHC,1,3,2159
papilledema_0605_WHC,1,3,2160
papilledema_0607_WHC,1,4,2161
papilledema_0609_WHC,1,3,2162
papilledema_0610_WHC,1,4,2163
papilledema_0611_WHC,1,4,2164
papilledema_0611_WHC,2,4,2165
papilledema_0611_WHC,3,3,2166
papilledema_0612_WHC,1,3,2167
papilledema_0612_WHC,2,3,2168
papilledema_0612_WHC,3,3,2169
papilledema_0612_WHC,4,3,2170
papilledema_0612_WHC,5,2,2171
papilledema_0614_WHC,1,4,2172
papilledema_0614_WHC,2,4,2173
papilledema_0614_WHC,3,4,2174
papilledema_0614_WHC,4,4,2175
papilledema_0614_WHC,5,3,2176
papilledema_0614_WHC,6,3,2177
papilledema_0615_WHC,1,4,2178
papilledema_0616_WHC,1,4,2179
papilledema_0617_WHC,1,2,2180
papilledema_0618_WHC,1,2,2181
papilledema_0620_WHC,1,3,2182
papilledema_0620_WHC,2,3,2183
papilledema_0620_WHC,3,2,2184
papilledema_0626_WHC,1,4,2185
papilledema_0627_WHC,1,4,2186
papilledema_0627_WHC,2,4,2187
papilledema_0627_WHC,3,4,2188
papilledema_0628_WHC,1,4,2189
papilledema_0629_WHC,1,4,2190
papilledema_0629_WHC,2,4,2191
papilledema_0629_WHC,3,4,2192
papilledema_0630_WHC,1,4,2193
papilledema_0630_WHC,2,4,2194
papilledema_0630_WHC,3,3,2195
papilledema_0630_WHC,4,3,2196
papilledema_0630_WHC,5,3,2197
papilledema_0630_WHC,6,4,2198
papilledema_0631_WHC,1,4,2199
papilledema_0631_WHC,2,4,2200
papilledema_0631_WHC,3,4,2201
papilledema_0633_WHC,1,3,2202
papilledema_0635_WHC,1,3,2203
papilledema_0635_WHC,2,3,2204
papilledema_0635_WHC,3,2,2205
papilledema_0637_WHC,1,4,2206
papilledema_0637_WHC,2,1,2207
papilledema_0638_WHC,1,4,2208
papilledema_0639_WHC,1,2,2209
papilledema_0642_WHC,1,4,2210
papilledema_0643_WHC,1,4,2211
papilledema_0643_WHC,2,4,2212
papilledema_0643_WHC,3,4,2213
papilledema_0644_WHC,1,3,2214
papilledema_0647_WHC,1,4,2215
papilledema_0647_WHC,2,4,2216
papilledema_0648_WHC,1,2,2217
papilledema_0650_WHC,1,3,2218
papilledema_0651_WHC,1,4,2219
papilledema_0651_WHC,2,4,2220
papilledema_0651_WHC,3,4,2221
papilledema_0651_WHC,4,4,2222
papilledema_0656_WHC,1,1,2223
papilledema_0657_WHC,1,4,2224
papilledema_0658_WHC,1,2,2225
papilledema_0660_WHC,1,4,2226
papilledema_0660_WHC,2,4,2227
pseudopapilledema_0001_PPE,1,1,2228
pseudopapilledema_0016_PPE,1,4,2229
pseudopapilledema_0024_PPE,1,4,2230
pseudopapilledema_0029_PPE,1,4,2231
pseudopapilledema_0092_PPE,1,4,2232
pseudopapilledema_0100_PPE,1,4,2233
pseudopapilledema_0112_PPE,1,4,2234
pseudopapilledema_0112_PPE,2,4,2235
pseudopapilledema_0112_PPE,3,4,2236
pseudopapilledema_0133_PPE,1,4,2237
pseudopapilledema_0142_PPE,1,4,2238
pseudopapilledema_0145_PPE,1,4,2239
pseudopapilledema_0176_PPE,1,4,2240
pseudopapilledema_0181_PPE,1,4,2241
pseudopapilledema_0215_PPE,1,4,2242
pseudopapilledema_0222_PPE,1,2,2243
pseudopapilledema_0229_PPE,1,4,2244
pseudopapilledema_0245_PPE,1,4,2245
pseudopapilledema_0282_PPE,1,4,2246
pseudopapilledema_0282_PPE,2,1,2247
pseudopapilledema_0287_PPE,1,2,2248
pseudopapilledema_0291_PPE,1,4,2249
pseudopapilledema_0292_PPE,1,1,2250
pseudopapilledema_0296_WHC,1,4,2251
pseudopapilledema_0297_WHC,1,4,2252
pseudopapilledema_0297_WHC,2,4,2253
pseudopapilledema_0297_WHC,3,3,2254
pseudopapilledema_0298_WHC,1,4,2255
pseudopapilledema_0300_WHC,1,4,2256
pseudopapilledema_0300_WHC,2,4,2257
pseudopapilledema_0302_WHC,1,4,2258
pseudopapilledema_0303_WHC,1,4,2259
pseudopapilledema_0303_WHC,2,4,2260
pseudopapilledema_0303_WHC,3,4,2261
pseudopapilledema_0306_WHC,1,3,2262
pseudopapilledema_0306_WHC,2,3,2263
pseudopapilledema_0306_WHC,3,3,2264
pseudopapilledema_0306_WHC,4,3,2265
pseudopapilledema_0306_WHC,5,3,2266
pseudopapilledema_0307_WHC,1,4,2267
pseudopapilledema_0307_WHC,2,4,2268
pseudopapilledema_0307_WHC,3,4,2269
pseudopapilledema_0307_WHC,4,4,2270
pseudopapilledema_0308_WHC,1,4,2271
pseudopapilledema_0309_WHC,1,4,2272
pseudopapilledema_0309_WHC,2,4,2273
pseudopapilledema_0310_WHC,1,2,2274
pseudopapilledema_0314_WHC,1,4,2275
pseudopapilledema_0314_WHC,2,3,2276
pseudopapilledema_0314_WHC,3,3,2277
pseudopapilledema_0315_WHC,1,4,2278
pseudopapilledema_0317_WHC,1,3,2279
pseudopapilledema_0318_WHC,1,3,2280
pseudopapilledema_0322_WHC,1,4,2281
pseudopapilledema_0323_WHC,1,2,2282
pseudopapilledema_0323_WHC,2,4,2283
pseudopapilledema_0324_WHC,1,4,2284
pseudopapilledema_0325_WHC,1,4,2285
pseudopapilledema_0325_WHC,2,4,2286
pseudopapilledema_0325_WHC,3,4,2287
pseudopapilledema_0326_WHC,1,3,2288
pseudopapilledema_0326_WHC,2,3,2289
pseudopapilledema_0326_WHC,3,3,2290
pseudopapilledema_0327_WHC,1,3,2291
pseudopapilledema_0327_WHC,2,3,2292
pseudopapilledema_0328_WHC,1,3,2293
pseudopapilledema_0328_WHC,2,2,2294
pseudopapilledema_0330_WHC,1,4,2295
pseudopapilledema_0330_WHC,2,4,2296
pseudopapilledema_0330_WHC,3,4,2297
pseudopapilledema_0330_WHC,4,4,2298
pseudopapilledema_0330_WHC,5,4,2299
pseudopapilledema_0331_WHC,1,3,2300
pseudopapilledema_0331_WHC,2,3,2301
pseudopapilledema_0331_WHC,3,3,2302
pseudopapilledema_0331_WHC,4,2,2303
pseudopapilledema_0331_WHC,5,2,2304
pseudopapilledema_0333_WHC,1,4,2305
pseudopapilledema_0333_WHC,2,4,2306
pseudopapilledema_0335_WHC,1,4,2307
pseudopapilledema_0336_WHC,1,4,2308
pseudopapilledema_0336_WHC,2,4,2309
pseudopapilledema_0336_WHC,3,4,2310
pseudopapilledema_0336_WHC,4,1,2311
pseudopapilledema_0336_WHC,5,4,2312
pseudopapilledema_0336_WHC,6,4,2313
pseudopapilledema_0336_WHC,7,4,2314
pseudopapilledema_0336_WHC,8,4,2315
pseudopapilledema_0336_WHC,9,1,2316
pseudopapilledema_0336_WHC,10,4,2317
pseudopapilledema_0336_WHC,11,4,2318
pseudopapilledema_0336_WHC,12,3,2319
pseudopapilledema_0336_WHC,13,3,2320
pseudopapilledema_0338_WHC,1,4,2321
pseudopapilledema_0338_WHC,2,4,2322
pseudopapilledema_0342_WHC,1,3,2323
pseudopapilledema_0342_WHC,2,2,2324
pseudopapilledema_0343_WHC,1,4,2325
pseudopapilledema_0344_WHC,1,4,2326
pseudopapilledema_0345_WHC,1,4,2327
pseudopapilledema_0346_WHC,1,4,2328
pseudopapilledema_0346_WHC,2,3,2329
pseudopapilledema_0347_WHC,1,4,2330
pseudopapilledema_0348_WHC,1,4,2331
pseudopapilledema_0348_WHC,2,4,2332
pseudopapilledema_0349_WHC,1,4,2333
pseudopapilledema_0349_WHC,2,4,2334
pseudopapilledema_0350_WHC,1,4,2335
pseudopapilledema_0352_WHC,1,4,2336
pseudopapilledema_0352_WHC,2,4,2337
pseudopapilledema_0352_WHC,3,3,2338
pseudopapilledema_0352_WHC,4,3,2339
pseudopapilledema_0352_WHC,5,3,2340
pseudopapilledema_0353_WHC,1,3,2341
pseudopapilledema_0353_WHC,2,3,2342
pseudopapilledema_0354_WHC,1,4,2343
pseudopapilledema_0355_WHC,1,3,2344
pseudopapilledema_0356_WHC,1,4,2345
pseudopapilledema_0356_WHC,2,3,2346
pseudopapilledema_0357_WHC,1,4,2347
pseudopapilledema_0357_WHC,2,4,2348
pseudopapilledema_0358_WHC,1,3,2349
pseudopapilledema_0358_WHC,2,3,2350
pseudopapilledema_0358_WHC,3,3,2351
pseudopapilledema_0360_WHC,1,3,2352
pseudopapilledema_0360_WHC,2,3,2353
pseudopapilledema_0363_WHC,1,4,2354
