image,class,rating,class_index
normal_0001_EDD.jpg,normal,1,1
normal_0002_EDD.jpg,normal,1,2
normal_0003_EDD.jpg,normal,1,3
normal_0004_EDD.jpg,normal,4,4
normal_0005_EDD.jpg,normal,1,5
normal_0006_EDD.jpg,normal,1,6
normal_0007_EDD.jpg,normal,1,7
normal_0008_EDD.jpg,normal,1,8
normal_0009_EDD.jpg,normal,1,9
normal_0010_EDD.jpg,normal,3,10
normal_0011_EDD.jpg,normal,1,11
normal_0012_EDD.jpg,normal,1,12
normal_0013_EDD.jpg,normal,1,13
normal_0014_EDD.jpg,normal,3,14
normal_0015_EDD.jpg,normal,1,15
normal_0016_EDD.jpg,normal,1,16
normal_0017_EDD.jpg,normal,1,17
normal_0018_EDD.jpg,normal,1,18
normal_0019_EDD.jpg,normal,1,19
normal_0020_EDD.jpg,normal,2,20
normal_0021_EDD.jpg,normal,2,21
normal_0022_EDD.jpg,normal,1,22
normal_0023_EDD.jpg,normal,1,23
normal_0024_EDD.jpg,normal,2,24
normal_0025_EDD.jpg,normal,3,25
normal_0026_EDD.jpg,normal,3,26
normal_0027_EDD.jpg,normal,1,27
normal_0028_EDD.jpg,normal,4,28
normal_0029_EDD.jpg,normal,1,29
normal_0030_EDD.jpg,normal,1,30
normal_0031_EDD.jpg,normal,2,31
normal_0032_EDD.jpg,normal,3,32
normal_0033_EDD.jpg,normal,4,33
normal_0034_EDD.jpg,normal,3,34
normal_0035_EDD.jpg,normal,1,35
normal_0036_EDD.jpg,normal,1,36
normal_0037_EDD.jpg,normal,2,37
normal_0038_EDD.jpg,normal,3,38
normal_0039_EDD.jpg,normal,1,39
normal_0040_EDD.jpg,normal,1,40
normal_0041_EDD.jpg,normal,2,41
normal_0042_EDD.jpg,normal,1,42
normal_0043_EDD.jpg,normal,1,43
normal_0044_EDD.jpg,normal,3,44
normal_0045_EDD.jpg,normal,3,45
normal_0046_EDD.jpg,normal,3,46
normal_0047_EDD.jpg,normal,3,47
normal_0048_EDD.jpg,normal,2,48
normal_0049_EDD.jpg,normal,1,49
normal_0050_EDD.jpg,normal,3,50
normal_0051_EDD.jpg,normal,1,51
normal_0052_EDD.jpg,normal,1,52
normal_0053_EDD.jpg,normal,1,53
normal_0054_EDD.jpg,normal,4,54
normal_0055_EDD.jpg,normal,4,55
normal_0056_EDD.jpg,normal,3,56
normal_0057_EDD.jpg,normal,2,57
normal_0058_EDD.jpg,normal,2,58
normal_0059_EDD.jpg,normal,1,59
normal_0060_EDD.jpg,normal,1,60
normal_0061_EDD.jpg,normal,1,61
normal_0062_EDD.jpg,normal,3,62
normal_0063_EDD.jpg,normal,1,63
normal_0064_EDD.jpg,normal,1,64
normal_0065_EDD.jpg,normal,1,65
normal_0066_EDD.jpg,normal,1,66
normal_0067_EDD.jpg,normal,1,67
normal_0068_EDD.jpg,normal,2,68
normal_0069_EDD.jpg,normal,1,69
normal_0070_EDD.jpg,normal,1,70
normal_0071_EDD.jpg,normal,1,71
normal_0072_EDD.jpg,normal,3,72
normal_0073_EDD.jpg,normal,3,73
normal_0074_EDD.jpg,normal,3,74
normal_0075_EDD.jpg,normal,2,75
normal_0076_EDD.jpg,normal,1,76
normal_0077_EDD.jpg,normal,2,77
normal_0078_EDD.jpg,normal,2,78
normal_0079_EDD.jpg,normal,1,79
normal_0080_EDD.jpg,normal,1,80
normal_0081_EDD.jpg,normal,1,81
normal_0082_EDD.jpg,normal,1,82
normal_0083_EDD.jpg,normal,3,83
normal_0084_EDD.jpg,normal,3,84
normal_0085_EDD.jpg,normal,2,85
normal_0086_EDD.jpg,normal,3,86
normal_0087_EDD.jpg,normal,3,87
normal_0088_EDD.jpg,normal,4,88
normal_0089_EDD.jpg,normal,3,89
normal_0090_EDD.jpg,normal,3,90
normal_0091_EDD.jpg,normal,3,91
normal_0092_EDD.jpg,normal,1,92
normal_0093_EDD.jpg,normal,2,93
normal_0094_EDD.jpg,normal,1,94
normal_0095_EDD.jpg,normal,1,95
normal_0096_EDD.jpg,normal,3,96
normal_0097_EDD.jpg,normal,1,97
normal_0098_EDD.jpg,normal,1,98
normal_0099_EDD.jpg,normal,1,99
normal_0100_EDD.jpg,normal,2,100
normal_0101_EDD.jpg,normal,1,101
normal_0102_EDD.jpg,normal,3,102
normal_0103_EDD.jpg,normal,1,103
normal_0104_EDD.jpg,normal,2,104
normal_0105_EDD.jpg,normal,2,105
normal_0106_EDD.jpg,normal,3,106
normal_0107_EDD.jpg,normal,2,107
normal_0108_EDD.jpg,normal,1,108
normal_0109_EDD.jpg,normal,3,109
normal_0110_EDD.jpg,normal,2,110
normal_0111_EDD.jpg,normal,1,111
normal_0112_EDD.jpg,normal,2,112
normal_0113_EDD.jpg,normal,1,113
normal_0114_EDD.jpg,normal,3,114
normal_0115_EDD.jpg,normal,1,115
normal_0116_EDD.jpg,normal,4,116
normal_0117_EDD.jpg,normal,3,117
normal_0118_EDD.jpg,normal,1,118
normal_0119_EDD.jpg,normal,1,119
normal_0120_EDD.jpg,normal,1,120
normal_0121_EDD.jpg,normal,2,121
normal_0122_EDD.jpg,normal,1,122
normal_0123_EDD.jpg,normal,1,123
normal_0124_EDD.jpg,normal,1,124
normal_0125_EDD.jpg,normal,1,125
normal_0126_EDD.jpg,normal,1,126
normal_0127_EDD.jpg,normal,1,127
normal_0128_EDD.jpg,normal,2,128
normal_0129_EDD.jpg,normal,1,129
normal_0130_EDD.jpg,normal,2,130
normal_0131_EDD.jpg,normal,3,131
normal_0132_EDD.jpg,normal,1,132
normal_0133_EDD.jpg,normal,2,133
normal_0134_EDD.jpg,normal,3,134
normal_0135_EDD.jpg,normal,1,135
normal_0136_EDD.jpg,normal,2,136
normal_0137_EDD.jpg,normal,1,137
normal_0138_EDD.jpg,normal,2,138
normal_0139_EDD.jpg,normal,3,139
normal_0140_EDD.jpg,normal,3,140
normal_0141_EDD.jpg,normal,3,141
normal_0142_EDD.jpg,normal,1,142
normal_0143_EDD.jpg,normal,1,143
normal_0144_EDD.jpg,normal,1,144
normal_0145_EDD.jpg,normal,4,145
normal_0146_EDD.jpg,normal,4,146
normal_0147_EDD.jpg,normal,3,147
normal_0148_EDD.jpg,normal,3,148
normal_0149_EDD.jpg,normal,1,149
normal_0150_EDD.jpg,normal,3,150
normal_0151_EDD.jpg,normal,3,151
normal_0152_EDD.jpg,normal,1,152
normal_0153_EDD.jpg,normal,1,153
normal_0154_EDD.jpg,normal,1,154
normal_0155_EDD.jpg,normal,1,155
normal_0156_EDD.jpg,normal,4,156
normal_0157_EDD.jpg,normal,3,157
normal_0158_EDD.jpg,normal,1,158
normal_0159_EDD.jpg,normal,1,159
normal_0160_EDD.jpg,normal,2,160
normal_0161_EDD.jpg,normal,1,161
normal_0162_EDD.jpg,normal,1,162
normal_0163_EDD.jpg,normal,1,163
normal_0164_EDD.jpg,normal,2,164
normal_0165_EDD.jpg,normal,2,165
normal_0166_EDD.jpg,normal,1,166
normal_0167_EDD.jpg,normal,1,167
normal_0168_EDD.jpg,normal,3,168
normal_0169_EDD.jpg,normal,1,169
normal_0170_EDD.jpg,normal,1,170
normal_0171_EDD.jpg,normal,3,171
normal_0172_EDD.jpg,normal,1,172
normal_0173_EDD.jpg,normal,1,173
normal_0174_EDD.jpg,normal,3,174
normal_0175_EDD.jpg,normal,4,175
normal_0176_EDD.jpg,normal,1,176
normal_0177_EDD.jpg,normal,1,177
normal_0178_EDD.jpg,normal,2,178
normal_0179_EDD.jpg,normal,3,179
normal_0180_EDD.jpg,normal,3,180
normal_0181_EDD.jpg,normal,4,181
normal_0182_EDD.jpg,normal,1,182
normal_0183_EDD.jpg,normal,4,183
normal_0184_EDD.jpg,normal,1,184
normal_0185_EDD.jpg,normal,4,185
normal_0186_EDD.jpg,normal,1,186
normal_0187_EDD.jpg,normal,1,187
normal_0188_EDD.jpg,normal,1,188
normal_0189_EDD.jpg,normal,1,189
normal_0190_EDD.jpg,normal,1,190
normal_0191_EDD.jpg,normal,1,191
normal_0192_EDD.jpg,normal,1,192
normal_0193_EDD.jpg,normal,3,193
normal_0194_EDD.jpg,normal,1,194
normal_0195_EDD.jpg,normal,1,195
normal_0196_EDD.jpg,normal,1,196
normal_0197_EDD.jpg,normal,1,197
normal_0198_EDD.jpg,normal,1,198
normal_0199_EDD.jpg,normal,2,199
normal_0200_EDD.jpg,normal,1,200
normal_0201_EDD.jpg,normal,2,201
normal_0202_EDD.jpg,normal,1,202
normal_0203_EDD.jpg,normal,1,203
normal_0204_EDD.jpg,normal,3,204
normal_0205_EDD.jpg,normal,4,205
normal_0206_EDD.jpg,normal,1,206
normal_0207_EDD.jpg,normal,1,207
normal_0208_EDD.jpg,normal,3,208
normal_0209_EDD.jpg,normal,3,209
normal_0210_EDD.jpg,normal,4,210
normal_0211_EDD.jpg,normal,1,211
normal_0212_EDD.jpg,normal,1,212
normal_0213_EDD.jpg,normal,1,213
normal_0214_EDD.jpg,normal,1,214
normal_0215_EDD.jpg,normal,3,215
normal_0216_EDD.jpg,normal,2,216
normal_0217_EDD.jpg,normal,2,217
normal_0218_EDD.jpg,normal,3,218
normal_0219_EDD.jpg,normal,1,219
normal_0220_EDD.jpg,normal,2,220
normal_0221_EDD.jpg,normal,3,221
normal_0222_EDD.jpg,normal,2,222
normal_0223_EDD.jpg,normal,1,223
normal_0224_EDD.jpg,normal,1,224
normal_0225_EDD.jpg,normal,1,225
normal_0226_EDD.jpg,normal,3,226
normal_0227_EDD.jpg,normal,1,227
normal_0228_EDD.jpg,normal,1,228
normal_0229_EDD.jpg,normal,1,229
normal_0230_EDD.jpg,normal,1,230
normal_0231_EDD.jpg,normal,1,231
normal_0232_EDD.jpg,normal,2,232
normal_0233_EDD.jpg,normal,3,233
normal_0234_EDD.jpg,normal,4,234
normal_0235_EDD.jpg,normal,4,235
normal_0236_EDD.jpg,normal,1,236
normal_0237_EDD.jpg,normal,1,237
normal_0238_EDD.jpg,normal,1,238
normal_0239_EDD.jpg,normal,1,239
normal_0240_EDD.jpg,normal,1,240
normal_0241_EDD.jpg,normal,1,241
normal_0242_EDD.jpg,normal,1,242
normal_0243_EDD.jpg,normal,1,243
normal_0244_EDD.jpg,normal,1,244
normal_0245_EDD.jpg,normal,3,245
normal_0246_EDD.jpg,normal,4,246
normal_0247_EDD.jpg,normal,4,247
normal_0248_EDD.jpg,normal,3,248
normal_0249_EDD.jpg,normal,1,249
normal_0250_EDD.jpg,normal,2,250
normal_0251_EDD.jpg,normal,2,251
normal_0252_EDD.jpg,normal,3,252
normal_0253_EDD.jpg,normal,2,253
normal_0254_EDD.jpg,normal,1,254
normal_0255_EDD.jpg,normal,1,255
normal_0256_EDD.jpg,normal,2,256
normal_0257_EDD.jpg,normal,1,257
normal_0258_EDD.jpg,normal,2,258
normal_0259_EDD.jpg,normal,1,259
normal_0260_EDD.jpg,normal,4,260
normal_0261_EDD.jpg,normal,1,261
normal_0262_EDD.jpg,normal,1,262
normal_0263_EDD.jpg,normal,2,263
normal_0264_EDD.jpg,normal,1,264
normal_0265_EDD.jpg,normal,2,265
normal_0266_EDD.jpg,normal,1,266
normal_0267_EDD.jpg,normal,3,267
normal_0268_EDD.jpg,normal,2,268
normal_0269_EDD.jpg,normal,1,269
normal_0270_EDD.jpg,normal,1,270
normal_0271_EDD.jpg,normal,3,271
normal_0272_EDD.jpg,normal,4,272
normal_0273_EDD.jpg,normal,1,273
normal_0274_EDD.jpg,normal,1,274
normal_0275_EDD.jpg,normal,1,275
normal_0276_EDD.jpg,normal,1,276
normal_0277_EDD.jpg,normal,1,277
normal_0278_EDD.jpg,normal,3,278
normal_0279_EDD.jpg,normal,1,279
normal_0280_EDD.jpg,normal,1,280
normal_0281_EDD.jpg,normal,1,281
normal_0282_EDD.jpg,normal,1,282
normal_0283_EDD.jpg,normal,1,283
normal_0284_EDD.jpg,normal,1,284
normal_0285_EDD.jpg,normal,2,285
normal_0286_EDD.jpg,normal,3,286
normal_0287_EDD.jpg,normal,1,287
normal_0288_EDD.jpg,normal,1,288
normal_0289_EDD.jpg,normal,2,289
normal_0290_EDD.jpg,normal,3,290
normal_0291_EDD.jpg,normal,2,291
normal_0292_EDD.jpg,normal,1,292
normal_0293_EDD.jpg,normal,1,293
normal_0294_EDD.jpg,normal,2,294
normal_0295_EDD.jpg,normal,2,295
normal_0296_EDD.jpg,normal,2,296
normal_0297_EDD.jpg,normal,1,297
normal_0298_EDD.jpg,normal,2,298
normal_0299_EDD.jpg,normal,3,299
normal_0300_EDD.jpg,normal,3,300
normal_0301_EDD.jpg,normal,1,301
normal_0302_EDD.jpg,normal,1,302
normal_0303_EDD.jpg,normal,2,303
normal_0304_EDD.jpg,normal,3,304
normal_0305_EDD.jpg,normal,1,305
normal_0306_EDD.jpg,normal,2,306
normal_0307_EDD.jpg,normal,3,307
normal_0308_EDD.jpg,normal,3,308
normal_0309_EDD.jpg,normal,1,309
normal_0310_EDD.jpg,normal,2,310
normal_0311_EDD.jpg,normal,3,311
normal_0312_EDD.jpg,normal,3,312
normal_0313_EDD.jpg,normal,1,313
normal_0314_EDD.jpg,normal,1,314
normal_0315_EDD.jpg,normal,2,315
normal_0316_EDD.jpg,normal,1,316
normal_0317_EDD.jpg,normal,1,317
normal_0318_EDD.jpg,normal,2,318
normal_0319_EDD.jpg,normal,2,319
normal_0320_EDD.jpg,normal,4,320
normal_0321_EDD.jpg,normal,3,321
normal_0322_EDD.jpg,normal,3,322
normal_0323_EDD.jpg,normal,4,323
normal_0324_EDD.jpg,normal,4,324
normal_0325_EDD.jpg,normal,3,325
normal_0326_EDD.jpg,normal,3,326
normal_0327_EDD.jpg,normal,2,327
normal_0328_EDD.jpg,normal,1,328
normal_0329_EDD.jpg,normal,2,329
normal_0330_EDD.jpg,normal,1,330
normal_0331_EDD.jpg,normal,1,331
normal_0332_EDD.jpg,normal,1,332
normal_0333_EDD.jpg,normal,2,333
normal_0334_EDD.jpg,normal,1,334
normal_0335_EDD.jpg,normal,3,335
normal_0336_EDD.jpg,normal,3,336
normal_0337_EDD.jpg,normal,1,337
normal_0338_EDD.jpg,normal,2,338
normal_0339_EDD.jpg,normal,2,339
normal_0340_EDD.jpg,normal,1,340
normal_0341_EDD.jpg,normal,2,341
normal_0342_EDD.jpg,normal,1,342
normal_0343_EDD.jpg,normal,2,343
normal_0344_EDD.jpg,normal,1,344
normal_0345_EDD.jpg,normal,1,345
normal_0346_EDD.jpg,normal,1,346
normal_0347_EDD.jpg,normal,3,347
normal_0348_EDD.jpg,normal,2,348
normal_0349_EDD.jpg,normal,3,349
normal_0350_EDD.jpg,normal,3,350
normal_0351_EDD.jpg,normal,1,351
normal_0352_EDD.jpg,normal,1,352
normal_0353_EDD.jpg,normal,1,353
normal_0354_EDD.jpg,normal,1,354
normal_0355_EDD.jpg,normal,2,355
normal_0356_EDD.jpg,normal,1,356
normal_0357_EDD.jpg,normal,2,357
normal_0358_EDD.jpg,normal,2,358
normal_0359_EDD.jpg,normal,4,359
normal_0360_EDD.jpg,normal,1,360
normal_0361_EDD.jpg,normal,3,361
normal_0362_EDD.jpg,normal,2,362
normal_0363_EDD.jpg,normal,1,363
normal_0364_EDD.jpg,normal,1,364
normal_0365_EDD.jpg,normal,1,365
normal_0366_EDD.jpg,normal,1,366
normal_0367_EDD.jpg,normal,1,367
normal_0368_EDD.jpg,normal,3,368
normal_0369_EDD.jpg,normal,2,369
normal_0370_EDD.jpg,normal,2,370
normal_0371_EDD.jpg,normal,4,371
normal_0372_EDD.jpg,normal,4,372
normal_0373_EDD.jpg,normal,2,373
normal_0374_EDD.jpg,normal,1,374
normal_0375_EDD.jpg,normal,1,375
normal_0376_EDD.jpg,normal,1,376
normal_0377_EDD.jpg,normal,1,377
normal_0378_EDD.jpg,normal,2,378
normal_0379_EDD.jpg,normal,1,379
normal_0380_EDD.jpg,normal,2,380
normal_0381_EDD.jpg,normal,1,381
normal_0382_EDD.jpg,normal,3,382
normal_0383_EDD.jpg,normal,3,383
normal_0384_EDD.jpg,normal,2,384
normal_0385_EDD.jpg,normal,3,385
normal_0386_EDD.jpg,normal,3,386
normal_0387_EDD.jpg,normal,4,387
normal_0388_EDD.jpg,normal,1,388
normal_0389_EDD.jpg,normal,1,389
normal_0390_EDD.jpg,normal,1,390
normal_0391_EDD.jpg,normal,1,391
normal_0392_EDD.jpg,normal,2,392
normal_0393_EDD.jpg,normal,1,393
normal_0394_EDD.jpg,normal,3,394
normal_0395_EDD.jpg,normal,2,395
normal_0396_EDD.jpg,normal,2,396
normal_0397_EDD.jpg,normal,1,397
normal_0398_EDD.jpg,normal,3,398
normal_0399_EDD.jpg,normal,1,399
normal_0400_EDD.jpg,normal,1,400
normal_0401_EDD.jpg,normal,1,401
normal_0402_EDD.jpg,normal,2,402
normal_0403_EDD.jpg,normal,3,403
normal_0404_EDD.jpg,normal,1,404
normal_0405_EDD.jpg,normal,1,405
normal_0406_EDD.jpg,normal,1,406
normal_0407_EDD.jpg,normal,3,407
normal_0408_EDD.jpg,normal,1,408
normal_0409_EDD.jpg,normal,3,409
normal_0410_EDD.jpg,normal,1,410
normal_0411_EDD.jpg,normal,1,411
normal_0412_EDD.jpg,normal,1,412
normal_0413_EDD.jpg,normal,1,413
normal_0414_EDD.jpg,normal,1,414
normal_0415_EDD.jpg,normal,1,415
normal_0416_EDD.jpg,normal,1,416
normal_0417_EDD.jpg,normal,1,417
normal_0418_EDD.jpg,normal,1,418
normal_0419_EDD.jpg,normal,1,419
normal_0420_EDD.jpg,normal,2,420
normal_0421_EDD.jpg,normal,1,421
normal_0422_EDD.jpg,normal,1,422
normal_0423_EDD.jpg,normal,1,423
normal_0424_EDD.jpg,normal,1,424
normal_0425_EDD.jpg,normal,1,425
normal_0426_EDD.jpg,normal,1,426
normal_0427_EDD.jpg,normal,1,427
normal_0428_EDD.jpg,normal,1,428
normal_0429_EDD.jpg,normal,1,429
normal_0430_EDD.jpg,normal,1,430
normal_0431_EDD.jpg,normal,1,431
normal_0432_EDD.jpg,normal,1,432
normal_0433_EDD.jpg,normal,1,433
normal_0434_EDD.jpg,normal,1,434
normal_0435_EDD.jpg,normal,1,435
normal_0436_EDD.jpg,normal,1,436
normal_0437_EDD.jpg,normal,3,437
normal_0438_EDD.jpg,normal,3,438
normal_0439_EDD.jpg,normal,3,439
normal_0440_EDD.jpg,normal,1,440
normal_0441_EDD.jpg,normal,4,441
normal_0442_EDD.jpg,normal,3,442
normal_0443_EDD.jpg,normal,3,443
normal_0444_EDD.jpg,normal,1,444
normal_0445_EDD.jpg,normal,1,445
normal_0446_EDD.jpg,normal,1,446
normal_0447_EDD.jpg,normal,1,447
normal_0448_EDD.jpg,normal,2,448
normal_0449_EDD.jpg,normal,1,449
normal_0450_EDD.jpg,normal,1,450
normal_0451_EDD.jpg,normal,1,451
normal_0452_EDD.jpg,normal,2,452
normal_0453_EDD.jpg,normal,1,453
normal_0454_EDD.jpg,normal,3,454
normal_0455_EDD.jpg,normal,2,455
normal_0456_EDD.jpg,normal,1,456
normal_0457_EDD.jpg,normal,1,457
normal_0458_EDD.jpg,normal,1,458
normal_0459_EDD.jpg,normal,4,459
normal_0460_EDD.jpg,normal,4,460
normal_0461_EDD.jpg,normal,1,461
normal_0462_EDD.jpg,normal,3,462
normal_0463_EDD.jpg,normal,4,463
normal_0464_EDD.jpg,normal,4,464
normal_0465_EDD.jpg,normal,1,465
normal_0466_EDD.jpg,normal,3,466
normal_0467_EDD.jpg,normal,4,467
normal_0468_EDD.jpg,normal,1,468
normal_0469_EDD.jpg,normal,2,469
normal_0470_EDD.jpg,normal,1,470
normal_0471_EDD.jpg,normal,3,471
normal_0472_EDD.jpg,normal,1,472
normal_0473_EDD.jpg,normal,3,473
normal_0474_EDD.jpg,normal,1,474
normal_0475_EDD.jpg,normal,1,475
normal_0476_EDD.jpg,normal,1,476
normal_0477_EDD.jpg,normal,1,477
normal_0478_EDD.jpg,normal,3,478
normal_0479_EDD.jpg,normal,3,479
normal_0480_EDD.jpg,normal,3,480
normal_0481_EDD.jpg,normal,4,481
normal_0482_EDD.jpg,normal,3,482
normal_0483_EDD.jpg,normal,4,483
normal_0484_EDD.jpg,normal,3,484
normal_0485_EDD.jpg,normal,1,485
normal_0486_EDD.jpg,normal,2,486
normal_0487_EDD.jpg,normal,1,487
normal_0488_EDD.jpg,normal,1,488
normal_0489_EDD.jpg,normal,2,489
normal_0490_EDD.jpg,normal,3,490
normal_0491_EDD.jpg,normal,1,491
normal_0492_EDD.jpg,normal,2,492
normal_0493_EDD.jpg,normal,1,493
normal_0494_EDD.jpg,normal,1,494
normal_0495_EDD.jpg,normal,3,495
normal_0496_EDD.jpg,normal,3,496
normal_0497_EDD.jpg,normal,1,497
normal_0498_EDD.jpg,normal,3,498
normal_0499_EDD.jpg,normal,1,499
normal_0500_EDD.jpg,normal,1,500
normal_0501_EDD.jpg,normal,1,501
normal_0502_EDD.jpg,normal,1,502
normal_0503_EDD.jpg,normal,2,503
normal_0504_EDD.jpg,normal,1,504
normal_0505_EDD.jpg,normal,1,505
normal_0506_EDD.jpg,normal,1,506
normal_0507_EDD.jpg,normal,2,507
normal_0508_EDD.jpg,normal,1,508
normal_0509_EDD.jpg,normal,1,509
normal_0510_EDD.jpg,normal,2,510
normal_0511_EDD.jpg,normal,3,511
normal_0512_EDD.jpg,normal,2,512
normal_0513_EDD.jpg,normal,2,513
normal_0514_EDD.jpg,normal,3,514
normal_0515_EDD.jpg,normal,1,515
normal_0516_EDD.jpg,normal,1,516
normal_0517_EDD.jpg,normal,2,517
normal_0518_EDD.jpg,normal,2,518
normal_0519_EDD.jpg,normal,2,519
normal_0520_EDD.jpg,normal,1,520
normal_0521_EDD.jpg,normal,2,521
normal_0522_EDD.jpg,normal,1,522
normal_0523_EDD.jpg,normal,3,523
normal_0524_EDD.jpg,normal,1,524
normal_0525_EDD.jpg,normal,3,525
normal_0526_EDD.jpg,normal,1,526
normal_0527_EDD.jpg,normal,1,527
normal_0528_EDD.jpg,normal,1,528
normal_0529_EDD.jpg,normal,1,529
normal_0530_EDD.jpg,normal,1,530
normal_0531_EDD.jpg,normal,4,531
normal_0532_EDD.jpg,normal,2,532
normal_0533_EDD.jpg,normal,1,533
normal_0534_EDD.jpg,normal,1,534
normal_0535_EDD.jpg,normal,1,535
normal_0536_EDD.jpg,normal,1,536
normal_0537_EDD.jpg,normal,1,537
normal_0538_EDD.jpg,normal,1,538
normal_0539_EDD.jpg,normal,2,539
normal_0540_EDD.jpg,normal,1,540
normal_0541_EDD.jpg,normal,1,541
normal_0542_EDD.jpg,normal,1,542
normal_0543_EDD.jpg,normal,1,543
normal_0544_EDD.jpg,normal,1,544
normal_0545_EDD.jpg,normal,1,545
normal_0546_EDD.jpg,normal,2,546
normal_0547_EDD.jpg,normal,1,547
normal_0548_EDD.jpg,normal,2,548
normal_0549_EDD.jpg,normal,1,549
normal_0550_EDD.jpg,normal,2,550
normal_0551_EDD.jpg,normal,1,551
normal_0552_EDD.jpg,normal,3,552
normal_0553_EDD.jpg,normal,1,553
normal_0554_EDD.jpg,normal,1,554
normal_0555_EDD.jpg,normal,1,555
normal_0556_EDD.jpg,normal,3,556
normal_0557_EDD.jpg,normal,2,557
normal_0558_EDD.jpg,normal,1,558
normal_0559_EDD.jpg,normal,2,559
normal_0560_EDD.jpg,normal,1,560
normal_0561_EDD.jpg,normal,1,561
normal_0562_EDD.jpg,normal,3,562
normal_0563_EDD.jpg,normal,1,563
normal_0564_EDD.jpg,normal,3,564
normal_0565_EDD.jpg,normal,1,565
normal_0566_EDD.jpg,normal,1,566
normal_0567_EDD.jpg,normal,2,567
normal_0568_EDD.jpg,normal,2,568
normal_0569_EDD.jpg,normal,3,569
normal_0570_EDD.jpg,normal,1,570
normal_0571_EDD.jpg,normal,2,571
normal_0572_EDD.jpg,normal,1,572
normal_0573_EDD.jpg,normal,3,573
normal_0574_EDD.jpg,normal,1,574
normal_0575_EDD.jpg,normal,2,575
normal_0576_EDD.jpg,normal,4,576
normal_0577_EDD.jpg,normal,1,577
normal_0578_EDD.jpg,normal,1,578
normal_0579_EDD.jpg,normal,4,579
normal_0580_EDD.jpg,normal,1,580
normal_0581_EDD.jpg,normal,4,581
normal_0582_EDD.jpg,normal,3,582
normal_0583_EDD.jpg,normal,1,583
normal_0584_EDD.jpg,normal,2,584
normal_0585_EDD.jpg,normal,1,585
normal_0586_EDD.jpg,normal,3,586
normal_0587_EDD.jpg,normal,4,587
normal_0588_EDD.jpg,normal,1,588
normal_0589_EDD.jpg,normal,1,589
normal_0590_EDD.jpg,normal,1,590
normal_0591_EDD.jpg,normal,1,591
normal_0592_EDD.jpg,normal,1,592
normal_0593_EDD.jpg,normal,3,593
normal_0594_EDD.jpg,normal,1,594
normal_0595_EDD.jpg,normal,3,595
normal_0596_EDD.jpg,normal,3,596
normal_0597_EDD.jpg,normal,3,597
normal_0598_EDD.jpg,normal,2,598
normal_0599_EDD.jpg,normal,2,599
normal_0600_EDD.jpg,normal,1,600
normal_0601_EDD.jpg,normal,3,601
normal_0602_EDD.jpg,normal,1,602
normal_0603_EDD.jpg,normal,2,603
normal_0604_EDD.jpg,normal,2,604
normal_0605_EDD.jpg,normal,1,605
normal_0606_EDD.jpg,normal,1,606
normal_0607_EDD.jpg,normal,1,607
normal_0608_EDD.jpg,normal,1,608
normal_0609_EDD.jpg,normal,1,609
normal_0610_EDD.jpg,normal,3,610
normal_0611_EDD.jpg,normal,2,611
normal_0612_EDD.jpg,normal,1,612
normal_0613_EDD.jpg,normal,1,613
normal_0614_EDD.jpg,normal,1,614
normal_0615_EDD.jpg,normal,3,615
normal_0616_EDD.jpg,normal,1,616
normal_0617_EDD.jpg,normal,2,617
normal_0618_EDD.jpg,normal,3,618
normal_0619_EDD.jpg,normal,1,619
